" TAXYEAR","AREAID","TOTLEVY","CREDITLEVY","TOTALLEVY"
"2025","0002","177.721",,"177.721"
"2025","0003","177.11",,"177.11"
"2025","0004","112.601",,"112.601"
"2025","0005","141.948",,"141.948"
"2025","0006","147.839",,"147.839"
"2025","0008","175.254",,"175.254"
"2025","0009","133.324",,"133.324"
"2025","0010","157.635",,"157.635"
"2025","0011","157.705",,"157.705"
"2025","0012","121.563",,"121.563"
"2025","0013","94.97",,"94.97"
"2025","0014","156.241",,"156.241"
"2025","0015","108.361",,"108.361"
"2025","0016","138.659",,"138.659"
"2025","0017","99.291",,"99.291"
"2025","0018","174.818",,"174.818"
"2025","0019","155.838",,"155.838"
"2025","0020","98.564",,"98.564"
"2025","0021","155.822",,"155.822"
"2025","0022","160.249",,"160.249"
"2025","0023","155.822",,"155.822"
"2025","0024","160.249",,"160.249"
"2025","0025","155.822",,"155.822"
"2025","0026","160.249",,"160.249"
"2025","0027","155.822",,"155.822"
"2025","0028","113.822",,"113.822"
"2025","0029","155.822",,"155.822"
"2025","0030","160.249",,"160.249"
"2025","0031","160.249",,"160.249"
"2025","0032","155.822",,"155.822"
"2025","0033","160.249",,"160.249"
"2025","0034","160.249",,"160.249"
"2025","0035","155.822",,"155.822"
"2025","0036","160.249",,"160.249"
"2025","0037","160.249",,"160.249"
"2025","0038","107.947",,"107.947"
"2025","0039","76.319",,"76.319"
"2025","0040","76.319",,"76.319"
"2025","0041","168.952",,"168.952"
"2025","0042","168.952",,"168.952"
"2025","0043","118.249",,"118.249"
"2025","0044","182.705",,"182.705"
"2025","0045","178.278",,"178.278"
"2025","0046","182.705",,"182.705"
"2025","0047","160.249",,"160.249"
"2025","0048","157.996",,"157.996"
"2025","0049","157.996",,"157.996"
"2025","0050","157.996",,"157.996"
"2025","0051","157.996",,"157.996"
"2025","0052","104.258",,"104.258"
"2025","0053","104.824",,"104.824"
"2025","0054","104.824",,"104.824"
"2025","0055","104.824",,"104.824"
"2025","0056","104.824",,"104.824"
"2025","0057","101.487",,"101.487"
"2025","0058","94.682",,"94.682"
"2025","0059","154.241",,"154.241"
"2025","0060","107.296",,"107.296"
"2025","0061","107.296",,"107.296"
"2025","0062","107.296",,"107.296"
"2025","0063","107.296",,"107.296"
"2025","0064","97.149",,"97.149"
"2025","0065","97.149",,"97.149"
"2025","0066","104.824",,"104.824"
"2025","0067","98.019",,"98.019"
"2025","0068","104.824",,"104.824"
"2025","0069","104.824",,"104.824"
"2025","0070","104.508",,"104.508"
"2025","0071","104.508",,"104.508"
"2025","0072","100.081",,"100.081"
"2025","0073","104.824",,"104.824"
"2025","0074","100.081",,"100.081"
"2025","0075","100.397",,"100.397"
"2025","0076","104.824",,"104.824"
"2025","0077","104.824",,"104.824"
"2025","0078","104.824",,"104.824"
"2025","0079","104.824",,"104.824"
"2025","0080","102.523",,"102.523"
"2025","0081","52.585",,"52.585"
"2025","0082","94.631",,"94.631"
"2025","0083","94.631",,"94.631"
"2025","0084","94.631",,"94.631"
"2025","0085","94.631",,"94.631"
"2025","0086","94.631",,"94.631"
"2025","0087","81.996",,"81.996"
"2025","0100","46.849",,"46.849"
"2025","0101","49.235",,"49.235"
"2025","0102","48.291",,"48.291"
"2025","0104","49.291",,"49.291"
"2025","0105","46.849",,"46.849"
"2025","0106","49.235",,"49.235"
"2025","0107","58.037",,"58.037"
"2025","0108","49.291",,"49.291"
"2025","0109","53.662",,"53.662"
"2025","0110","50.641",,"50.641"
"2025","0112","50.641",,"50.641"
"2025","0114","59.443",,"59.443"
"2025","0115","58.037",,"58.037"
"2025","0116","59.443",,"59.443"
"2025","0117","49.235",,"49.235"
"2025","0118","50.677",,"50.677"
"2025","0119","53.083",,"53.083"
"2025","0120","51.677",,"51.677"
"2025","0121","51.677",,"51.677"
"2025","0122","48.235",,"48.235"
"2025","0123","48.291",,"48.291"
"2025","0124","50.641",,"50.641"
"2025","0125","53.083",,"53.083"
"2025","0126","46.829",,"46.829"
"2025","0127","47.829",,"47.829"
"2025","0128","47.829",,"47.829"
"2025","0129","49.215",,"49.215"
"2025","0130","50.215",,"50.215"
"2025","0131","50.215",,"50.215"
"2025","0132","59.443",,"59.443"
"2025","0133","46.829",,"46.829"
"2025","0134","62.464",,"62.464"
"2025","0136","49.215",,"49.215"
"2025","0138","49.705",,"49.705"
"2025","0139","47.263",,"47.263"
"2025","0140","49.705",,"49.705"
"2025","0141","47.263",,"47.263"
"2025","0142","48.243",,"48.243"
"2025","0143","52.091",,"52.091"
"2025","0144","49.649",,"49.649"
"2025","0145","52.091",,"52.091"
"2025","0146","49.649",,"49.649"
"2025","0147","53.662",,"53.662"
"2025","0159","147.8",,"147.8"
"2025","0160","69.686",,"69.686"
"2025","0161","145.303",,"145.303"
"2025","0163","70.1",,"70.1"
"2025","0165","72.542",,"72.542"
"2025","0166","72.542",,"72.542"
"2025","0167","72.128",,"72.128"
"2025","0168","70.666",,"70.666"
"2025","0169","72.128",,"72.128"
"2025","0170","77.821",,"77.821"
"2025","0171","145.303",,"145.303"
"2025","0172","187.863",,"187.863"
"2025","0174","77.821",,"77.821"
"2025","0175","78.801",,"78.801"
"2025","0176","80.263",,"80.263"
"2025","0177","80.263",,"80.263"
"2025","0178","147.352",,"147.352"
"2025","0179","86.632",,"86.632"
"2025","0180","64.576",,"64.576"
"2025","0181","155.287",,"155.287"
"2025","0182","64.576",,"64.576"
"2025","0199","48.243",,"48.243"
"2025","0247","154.616",,"154.616"
"2025","0248","110.349",,"110.349"
"2025","0252","110.349",,"110.349"
"2025","0253","97.703",,"97.703"
"2025","0254","80.804",,"80.804"
"2025","0255","77.76",,"77.76"
"2025","0256","73.59",,"73.59"
"2025","0257","77.346",,"77.346"
"2025","0258","77.76",,"77.76"
"2025","0301","51.472",,"51.472"
"2025","0302","51.605",,"51.605"
"2025","0303","75.53",,"75.53"
"2025","0305","55.814",,"55.814"
"2025","0307","87.157",,"87.157"
"2025","0310","43.577",,"43.577"
"2025","0311","50.492",,"50.492"
"2025","0312","52.585",,"52.585"
"2025","0313","53.372",,"53.372"
"2025","0315","51.625",,"51.625"
"2025","0316","52.55",,"52.55"
"2025","0317","53.53",,"53.53"
"2025","0318","62.257",,"62.257"
"2025","0319","54.352",,"54.352"
"2025","0320","42.115",,"42.115"
"2025","0321","59.619",,"59.619"
"2025","0323","49.655",,"49.655"
"2025","0328","52.019",,"52.019"
"2025","0331","48.675",,"48.675"
"2025","0332","51.117",,"51.117"
"2025","0335","54.461",,"54.461"
"2025","0336","54.047",,"54.047"
"2025","0338","86.157",,"86.157"
"2025","0400","81.996",,"81.996"
"2025","0402","94.631",,"94.631"
"2025","0403","85.068",,"85.068"
"2025","0404","83.546",,"83.546"
"2025","0405","81.996",,"81.996"
"2025","0406","85.068",,"85.068"
"2025","0408","81.996",,"81.996"
"2025","0410","80.727",,"80.727"
"2025","0411","80.727",,"80.727"
"2025","0413","81.996",,"81.996"
"2025","0415","81.996",,"81.996"
"2025","0418","93.27",,"93.27"
"2025","0420","94.026",,"94.026"
"2025","0421","94.026",,"94.026"
"2025","0426","94.631",,"94.631"
"2025","0428","83.96",,"83.96"
"2025","0429","82.41",,"82.41"
"2025","0430","82.41",,"82.41"
"2025","0431","82.875",,"82.875"
"2025","0433","85.482",,"85.482"
"2025","0434","95.045",,"95.045"
"2025","0435","82.41",,"82.41"
"2025","0436","94.44",,"94.44"
"2025","0437","94.44",,"94.44"
"2025","0439","93.684",,"93.684"
"2025","0444","81.141",,"81.141"
"2025","0445","93.684",,"93.684"
"2025","0446","85.149",,"85.149"
"2025","0447","84.735",,"84.735"
"2025","0450","94.44",,"94.44"
"2025","0451","132.351",,"132.351"
"2025","0452","135.519",,"135.519"
"2025","0454","120.321",,"120.321"
"2025","0455","123.489",,"123.489"
"2025","0456","131.937",,"131.937"
"2025","0457","135.105",,"135.105"
"2025","0458","119.907",,"119.907"
"2025","0459","123.075",,"123.075"
"2025","0461","124.44",,"124.44"
"2025","0465","85.482",,"85.482"
"2025","0469","84.735",,"84.735"
"2025","0498","71.944",,"71.944"
"2025","0501","94.97",,"94.97"
"2025","0502","74.067",,"74.067"
"2025","0503","71.119",,"71.119"
"2025","0507","74.067",,"74.067"
"2025","0508","71.119",,"71.119"
"2025","0509","77.661",,"77.661"
"2025","0510","74.713",,"74.713"
"2025","0512","71.53",,"71.53"
"2025","0514","75.473",,"75.473"
"2025","0515","75.473",,"75.473"
"2025","0520","77.661",,"77.661"
"2025","0523","74.713",,"74.713"
"2025","0524","75.124",,"75.124"
"2025","0525","79.067",,"79.067"
"2025","0526","80.332",,"80.332"
"2025","0533","74.481",,"74.481"
"2025","0534","74.481",,"74.481"
"2025","0537","75.887",,"75.887"
"2025","0539","95.384",,"95.384"
"2025","0542","79.067",,"79.067"
"2025","0549","83.926",,"83.926"
"2025","0556","78.075",,"78.075"
"2025","0557","78.075",,"78.075"
"2025","0561","100.368",,"100.368"
"2025","0563","79.481",,"79.481"
"2025","0565","98.978",,"98.978"
"2025","0567","98.564",,"98.564"
"2025","0568","98.564",,"98.564"
"2025","0600","85.202",,"85.202"
"2025","0602","89.806",,"89.806"
"2025","0604","84.013",,"84.013"
"2025","0606","82.928",,"82.928"
"2025","0607","88.058",,"88.058"
"2025","0609","85.202",,"85.202"
"2025","0611","82.928",,"82.928"
"2025","0618","79.082",,"79.082"
"2025","0625","86.182",,"86.182"
"2025","0630","81.524",,"81.524"
"2025","0632","84.013",,"84.013"
"2025","0636","77.928",,"77.928"
"2025","0639","79.082",,"79.082"
"2025","0641","81.524",,"81.524"
"2025","0644","86.455",,"86.455"
"2025","0645","79.496",,"79.496"
"2025","0649","86.455",,"86.455"
"2025","0650","92.964",,"92.964"
"2025","0651","95.406",,"95.406"
"2025","0652","85.616",,"85.616"
"2025","0663","93.378",,"93.378"
"2025","0667","95.406",,"95.406"
"2025","0671","80.062",,"80.062"
"2025","0674","80.476",,"80.476"
"2025","0678","84.013",,"84.013"
"2025","0680","87.644",,"87.644"
"2025","0683","85.616",,"85.616"
"2025","0684","84.427",,"84.427"
"2025","0685","84.427",,"84.427"
"2025","0687","78.342",,"78.342"
"2025","0688","83.342",,"83.342"
"2025","0689","93.427",,"93.427"
"2025","0692","83.342",,"83.342"
"2025","0693","86.869",,"86.869"
"2025","0694","86.869",,"86.869"
"2025","0695","84.427",,"84.427"
"2025","0696","79.496",,"79.496"
"2025","0697","81.938",,"81.938"
"2025","0698","81.938",,"81.938"
"2025","0699","93.378",,"93.378"
"2025","0700","36.327",,"36.327"
"2025","0701","41.327",,"41.327"
"2025","0702","40.327",,"40.327"
"2025","0703","37.327",,"37.327"
"2025","0704","42.492",,"42.492"
"2025","0705","41.492",,"41.492"
"2025","0706","40.329",,"40.329"
"2025","0707","43.923",,"43.923"
"2025","0708","38.769",,"38.769"
"2025","0709","44.934",,"44.934"
"2025","0710","43.934",,"43.934"
"2025","0711","43.934",,"43.934"
"2025","0712","41.327",,"41.327"
"2025","0713","42.492",,"42.492"
"2025","0714","42.492",,"42.492"
"2025","0715","42.481",,"42.481"
"2025","0716","44.934",,"44.934"
"2025","0718","44.923",,"44.923"
"2025","0720","39.769",,"39.769"
"2025","0722","44.934",,"44.934"
"2025","0724","42.472",,"42.472"
"2025","0725","43.472",,"43.472"
"2025","0727","40.743",,"40.743"
"2025","0728","36.741",,"36.741"
"2025","0729","40.183",,"40.183"
"2025","0730","39.183",,"39.183"
"2025","0732","45.348",,"45.348"
"2025","0733","41.906",,"41.906"
"2025","0734","42.906",,"42.906"
"2025","0735","42.906",,"42.906"
"2025","0736","45.348",,"45.348"
"2025","0737","40.741",,"40.741"
"2025","0738","45.348",,"45.348"
"2025","0739","40.741",,"40.741"
"2025","0740","41.741",,"41.741"
"2025","0741","41.741",,"41.741"
"2025","0742","44.348",,"44.348"
"2025","0743","42.906",,"42.906"
"2025","0746","43.886",,"43.886"
"2025","0748","44.337",,"44.337"
"2025","0749","45.337",,"45.337"
"2025","0751","42.895",,"42.895"
"2025","0753","44.348",,"44.348"
"2025","0754","46.797",,"46.797"
"2025","0757","49.239",,"49.239"
"2025","0782","59.697",,"59.697"
"2025","0783","59.697",,"59.697"
"2025","0784","62.139",,"62.139"
"2025","0786","60.111",,"60.111"
"2025","0788","47.211",,"47.211"
"2025","0789","49.653",,"49.653"
"2025","0790","62.553",,"62.553"
"2025","0800","55.31",,"55.31"
"2025","0802","52.051",,"52.051"
"2025","0803","51.051",,"51.051"
"2025","0804","53.868",,"53.868"
"2025","0806","63.457",,"63.457"
"2025","0807","52.868",,"52.868"
"2025","0808","61.015",,"61.015"
"2025","0809","64.457",,"64.457"
"2025","0810","56.31",,"56.31"
"2025","0811","53.868",,"53.868"
"2025","0812","60.737",,"60.737"
"2025","0813","52.868",,"52.868"
"2025","0814","54.493",,"54.493"
"2025","0815","53.493",,"53.493"
"2025","0816","57.295",,"57.295"
"2025","0818","56.31",,"56.31"
"2025","0820","53.848",,"53.848"
"2025","0821","61.995",,"61.995"
"2025","0822","54.848",,"54.848"
"2025","0824","55.31",,"55.31"
"2025","0825","58.295",,"58.295"
"2025","0826","57.295",,"57.295"
"2025","0827","59.737",,"59.737"
"2025","0828","58.295",,"58.295"
"2025","0829","65.442",,"65.442"
"2025","0834","52.051",,"52.051"
"2025","0836","62.015",,"62.015"
"2025","0878","96.779",,"96.779"
"2025","0879","98.241",,"98.241"
"2025","0880","96.799",,"96.799"
"2025","0881","97.779",,"97.779"
"2025","0882","99.241",,"99.241"
"2025","0890","54.848",,"54.848"
"2025","0901","63.585",,"63.585"
"2025","0902","69.024",,"69.024"
"2025","0903","67.755",,"67.755"
"2025","0904","64.585",,"64.585"
"2025","0905","67.755",,"67.755"
"2025","0906","64.585",,"64.585"
"2025","0907","69.024",,"69.024"
"2025","0915","63.999",,"63.999"
"2025","0916","64.999",,"64.999"
"2025","0917","68.169",,"68.169"
"2025","0918","64.999",,"64.999"
"2025","0919","68.169",,"68.169"
"2025","0920","69.438",,"69.438"
"2025","0921","69.438",,"69.438"
"2025","0922","70.611",,"70.611"
"2025","0923","69.903",,"69.903"
"2025","0930","74.496",,"74.496"
"2025","0931","74.91",,"74.91"
"2025","0932","74.91",,"74.91"
"2025","0936","74.496",,"74.496"
"2025","0940","78.231",,"78.231"
"2025","0942","78.645",,"78.645"
"2025","0943","78.231",,"78.231"
"2025","0967","78.395",,"78.395"
"2025","0968","78.809",,"78.809"
"2025","1001","45.929",,"45.929"
"2025","1006","45.931",,"45.931"
"2025","1007","46.345",,"46.345"
"2025","1008","49.931",,"49.931"
"2025","1009","50.345",,"50.345"
"2025","1100","33.68",,"33.68"
"2025","1101","46.125",,"46.125"
"2025","1102","34.094",,"34.094"
"2025","1103","46.539",,"46.539"
"2025","1200","31.461",,"31.461"
"2025","1203","44.638",,"44.638"
"2025","1204","31.875",,"31.875"
"2025","1205","35.971",,"35.971"
"2025","1284","98.019",,"98.019"
"2025","1285","98.019",,"98.019"
"2025","1288","99.892",,"99.892"
"2025","1291","93.592",,"93.592"
"2025","1292","100.147",,"100.147"
"2025","1293","92.276",,"92.276"
"2025","1294","97.703",,"97.703"
"2025","1295","97.703",,"97.703"
"2025","1296","93.276",,"93.276"
"2025","1297","93.276",,"93.276"
"2025","1298","93.276",,"93.276"
"2025","1300","94.059",,"94.059"
"2025","1302","94.059",,"94.059"
"2025","1303","94.059",,"94.059"
"2025","1304","93.059",,"93.059"
"2025","1305","93.059",,"93.059"
"2025","1307","106.987",,"106.987"
"2025","1309","99.831",,"99.831"
"2025","1311","94.059",,"94.059"
"2025","1313","95.465",,"95.465"
"2025","1317","90.606",,"90.606"
"2025","1318","95.465",,"95.465"
"2025","1319","108.885",,"108.885"
"2025","1321","95.465",,"95.465"
"2025","1324","95.465",,"95.465"
"2025","1333","107.296",,"107.296"
"2025","1336","117.933",,"117.933"
"2025","1340","98.486",,"98.486"
"2025","1341","98.486",,"98.486"
"2025","1343","97.486",,"97.486"
"2025","1345","95.465",,"95.465"
"2025","1350","95.465",,"95.465"
"2025","1351","96.501",,"96.501"
"2025","1352","95.465",,"95.465"
"2025","1355","94.375",,"94.375"
"2025","1356","94.375",,"94.375"
"2025","1357","95.781",,"95.781"
"2025","1358","95.781",,"95.781"
"2025","1359","98.802",,"98.802"
"2025","1360","95.781",,"95.781"
"2025","1361","106.987",,"106.987"
"2025","1365","95.781",,"95.781"
"2025","1366","94.375",,"94.375"
"2025","1368","95.781",,"95.781"
"2025","1399","99.831",,"99.831"
"2025","1420","104.258",,"104.258"
"2025","1422","104.258",,"104.258"
"2025","1430","99.831",,"99.831"
"2025","1436","100.614",,"100.614"
"2025","1443","100.614",,"100.614"
"2025","1449","100.147",,"100.147"
"2025","1450","100.147",,"100.147"
"2025","1451","104.574",,"104.574"
"2025","1453","104.508",,"104.508"
"2025","1459","104.574",,"104.574"
"2025","1476","92.964",,"92.964"
"2025","1488","100.397",,"100.397"
"2025","2021","67.583",,"67.583"
"2025","2027","95.236",,"95.236"
"2025","2029","92.794",,"92.794"
"2025","2030","93.774",,"93.774"
"2025","2032","101.886",,"101.886"
"2025","2050","56.107",,"56.107"
"2025","2052","56.127",,"56.127"
"2025","2056","57.087",,"57.087"
"2025","2063","66.597",,"66.597"
"2025","2064","69.019",,"69.019"
"2025","2065","67.557",,"67.557"
"2025","2066","66.577",,"66.577"
"2025","2067","63.107",,"63.107"
"2025","2068","65.549",,"65.549"
"2025","2069","64.107",,"64.107"
"2025","2070","66.549",,"66.549"
"2025","2071","64.087",,"64.087"
"2025","2072","65.087",,"65.087"
"2025","2073","63.521",,"63.521"
"2025","2074","64.521",,"64.521"
"2025","2075","65.501",,"65.501"
"2025","2076","66.963",,"66.963"
"2025","2077","64.501",,"64.501"
"2025","2078","65.963",,"65.963"
"2025","2080","97.703",,"97.703"
"2025","2082","95.82",,"95.82"
"2025","2084","104.824",,"104.824"
"2025","2091","104.258",,"104.258"
"2025","2100","107.303",,"107.303"
"2025","2116","95.287",,"95.287"
"2025","2122","108.885",,"108.885"
"2025","2127","93.592",,"93.592"
"2025","2128","93.592",,"93.592"
"2025","2132","95.781",,"95.781"
"2025","2134","109.201",,"109.201"
"2025","2138","107.303",,"107.303"
"2025","2148","74.342",,"74.342"
"2025","2150","129.753",,"129.753"
"2025","2151","141.222",,"141.222"
"2025","2152","140.808",,"140.808"
"2025","2153","129.339",,"129.339"
"2025","2161","98.486",,"98.486"
"2025","2163","95.701",,"95.701"
"2025","2175","98.802",,"98.802"
"2025","2178","94.2",,"94.2"
"2025","2179","49.235",,"49.235"
"2025","2180","46.849",,"46.849"
"2025","2181","48.291",,"48.291"
"2025","2182","49.291",,"49.291"
"2025","2183","46.849",,"46.849"
"2025","2186","49.291",,"49.291"
"2025","2187","50.641",,"50.641"
"2025","2188","50.641",,"50.641"
"2025","2189","49.235",,"49.235"
"2025","2190","50.677",,"50.677"
"2025","2191","51.677",,"51.677"
"2025","2192","51.677",,"51.677"
"2025","2193","48.235",,"48.235"
"2025","2194","48.291",,"48.291"
"2025","2195","46.829",,"46.829"
"2025","2196","47.829",,"47.829"
"2025","2197","47.829",,"47.829"
"2025","2198","49.215",,"49.215"
"2025","2199","50.215",,"50.215"
"2025","2200","50.215",,"50.215"
"2025","2201","46.829",,"46.829"
"2025","2211","48.243",,"48.243"
"2025","2213","51.472",,"51.472"
"2025","2214","55.814",,"55.814"
"2025","2215","43.577",,"43.577"
"2025","2216","50.492",,"50.492"
"2025","2218","54.352",,"54.352"
"2025","2219","42.115",,"42.115"
"2025","2220","49.655",,"49.655"
"2025","2221","48.675",,"48.675"
"2025","2222","51.117",,"51.117"
"2025","2223","56.814",,"56.814"
"2025","2227","43.923",,"43.923"
"2025","2228","56.31",,"56.31"
"2025","2229","52.051",,"52.051"
"2025","2230","51.051",,"51.051"
"2025","2232","52.868",,"52.868"
"2025","2234","53.868",,"53.868"
"2025","2236","54.493",,"54.493"
"2025","2237","53.493",,"53.493"
"2025","2238","56.31",,"56.31"
"2025","2240","53.848",,"53.848"
"2025","2241","54.848",,"54.848"
"2025","2242","55.31",,"55.31"
"2025","2244","55.262",,"55.262"
"2025","2245","54.848",,"54.848"
"2025","2258","49.235",,"49.235"
"2025","2259","58.037",,"58.037"
"2025","2261","50.641",,"50.641"
"2025","2262","50.641",,"50.641"
"2025","2263","59.443",,"59.443"
"2025","2264","58.037",,"58.037"
"2025","2265","59.443",,"59.443"
"2025","2266","53.083",,"53.083"
"2025","2267","50.641",,"50.641"
"2025","2268","59.443",,"59.443"
"2025","2269","62.464",,"62.464"
"2025","2271","53.662",,"53.662"
"2025","2272","71.53",,"71.53"
"2025","2273","75.473",,"75.473"
"2025","2274","79.067",,"79.067"
"2025","2275","79.067",,"79.067"
"2025","2276","55.31",,"55.31"
"2025","2278","53.868",,"53.868"
"2025","2279","52.868",,"52.868"
"2025","2280","56.31",,"56.31"
"2025","2281","53.868",,"53.868"
"2025","2282","52.868",,"52.868"
"2025","2283","56.31",,"56.31"
"2025","2284","58.295",,"58.295"
"2025","2286","59.737",,"59.737"
"2025","2287","58.295",,"58.295"
"2025","2288","52.051",,"52.051"
"2025","2295","98.019",,"98.019"
"2025","2296","92.276",,"92.276"
"2025","2297","97.703",,"97.703"
"2025","2298","97.703",,"97.703"
"2025","2299","93.276",,"93.276"
"2025","2300","93.276",,"93.276"
"2025","2301","93.276",,"93.276"
"2025","2303","94.059",,"94.059"
"2025","2306","94.059",,"94.059"
"2025","2307","93.059",,"93.059"
"2025","2308","94.059",,"94.059"
"2025","2309","95.465",,"95.465"
"2025","2310","90.606",,"90.606"
"2025","2311","95.465",,"95.465"
"2025","2313","95.465",,"95.465"
"2025","2316","95.465",,"95.465"
"2025","2322","98.486",,"98.486"
"2025","2323","98.486",,"98.486"
"2025","2324","97.486",,"97.486"
"2025","2325","95.465",,"95.465"
"2025","2329","97.486",,"97.486"
"2025","2330","95.465",,"95.465"
"2025","2331","95.465",,"95.465"
"2025","2334","94.375",,"94.375"
"2025","2335","95.781",,"95.781"
"2025","2336","95.781",,"95.781"
"2025","2337","98.802",,"98.802"
"2025","2338","95.781",,"95.781"
"2025","2340","95.781",,"95.781"
"2025","2341","94.375",,"94.375"
"2025","2342","95.781",,"95.781"
"2025","2354","93.592",,"93.592"
"2025","2355","93.592",,"93.592"
"2025","2356","95.781",,"95.781"
"2025","2360","81.996",,"81.996"
"2025","2361","74.067",,"74.067"
"2025","2362","71.119",,"71.119"
"2025","2364","74.067",,"74.067"
"2025","2365","71.119",,"71.119"
"2025","2366","77.661",,"77.661"
"2025","2367","74.713",,"74.713"
"2025","2368","75.473",,"75.473"
"2025","2369","75.473",,"75.473"
"2025","2371","77.661",,"77.661"
"2025","2372","74.713",,"74.713"
"2025","2373","79.067",,"79.067"
"2025","2374","80.332",,"80.332"
"2025","2377","79.067",,"79.067"
"2025","2378","83.926",,"83.926"
"2025","2380","95.465",,"95.465"
"2025","2383","95.781",,"95.781"
"2025","2389","93.276",,"93.276"
"2025","2390","94.059",,"94.059"
"2025","2391","93.059",,"93.059"
"2025","2392","93.059",,"93.059"
"2025","2406","33.68",,"33.68"
"2025","2407","34.094",,"34.094"
"2025","2408","81.996",,"81.996"
"2025","2409","85.068",,"85.068"
"2025","2410","81.996",,"81.996"
"2025","2411","85.068",,"85.068"
"2025","2412","80.727",,"80.727"
"2025","2413","85.068",,"85.068"
"2025","2414","81.996",,"81.996"
"2025","2415","85.068",,"85.068"
"2025","2416","81.996",,"81.996"
"2025","2418","94.026",,"94.026"
"2025","2419","82.41",,"82.41"
"2025","2420","82.41",,"82.41"
"2025","2421","94.44",,"94.44"
"2025","2422","94.44",,"94.44"
"2025","2424","63.585",,"63.585"
"2025","2425","67.755",,"67.755"
"2025","2426","67.755",,"67.755"
"2025","2428","46.345",,"46.345"
"2025","2429","33.68",,"33.68"
"2025","2430","34.094",,"34.094"
"2025","2433","63.107",,"63.107"
"2025","2434","65.087",,"65.087"
"2025","2435","63.521",,"63.521"
"2025","2436","64.521",,"64.521"
"2025","2437","65.501",,"65.501"
"2025","2438","66.963",,"66.963"
"2025","2442","51.605",,"51.605"
"2025","2443","55.814",,"55.814"
"2025","2445","52.585",,"52.585"
"2025","2446","53.372",,"53.372"
"2025","2447","51.625",,"51.625"
"2025","2448","52.55",,"52.55"
"2025","2449","53.53",,"53.53"
"2025","2450","54.352",,"54.352"
"2025","2451","54.992",,"54.992"
"2025","2452","52.019",,"52.019"
"2025","2453","48.155",,"48.155"
"2025","2454","54.047",,"54.047"
"2025","2457","42.492",,"42.492"
"2025","2458","41.492",,"41.492"
"2025","2460","38.769",,"38.769"
"2025","2461","44.934",,"44.934"
"2025","2462","43.934",,"43.934"
"2025","2464","42.472",,"42.472"
"2025","2465","40.183",,"40.183"
"2025","2467","45.348",,"45.348"
"2025","2468","41.906",,"41.906"
"2025","2469","45.348",,"45.348"
"2025","2470","44.348",,"44.348"
"2025","2472","44.348",,"44.348"
"2025","2475","47.211",,"47.211"
"2025","2479","56.107",,"56.107"
"2025","2480","63.127",,"63.127"
"2025","2481","56.127",,"56.127"
"2025","2484","57.087",,"57.087"
"2025","2485","66.597",,"66.597"
"2025","2486","69.019",,"69.019"
"2025","2487","67.557",,"67.557"
"2025","2488","66.577",,"66.577"
"2025","2489","65.549",,"65.549"
"2025","2490","64.107",,"64.107"
"2025","2491","66.549",,"66.549"
"2025","2492","65.087",,"65.087"
"2025","2493","64.521",,"64.521"
"2025","2494","66.963",,"66.963"
"2025","2497","55.814",,"55.814"
"2025","2498","53.372",,"53.372"
"2025","2499","54.352",,"54.352"
"2025","2500","59.619",,"59.619"
"2025","2501","55.31",,"55.31"
"2025","2502","63.457",,"63.457"
"2025","2503","52.868",,"52.868"
"2025","2504","61.015",,"61.015"
"2025","2505","64.457",,"64.457"
"2025","2506","53.848",,"53.848"
"2025","2507","61.995",,"61.995"
"2025","2508","57.295",,"57.295"
"2025","2509","59.737",,"59.737"
"2025","2522","95.236",,"95.236"
"2025","2523","92.794",,"92.794"
"2025","2524","93.774",,"93.774"
"2025","2526","74.272",,"74.272"
"2025","2527","74.272",,"74.272"
"2025","2543","126.033",,"126.033"
"2025","2552","77.866",,"77.866"
"2025","2555","57.295",,"57.295"
"2025","2556","104.824",,"104.824"
"2025","2564","86.157",,"86.157"
"2025","2569","104.574",,"104.574"
"2025","2575","75.53",,"75.53"
"2025","2581","101.608",,"101.608"
"2025","2589","96.779",,"96.779"
"2025","2596","99.241",,"99.241"
"2025","2600","102.27",,"102.27"
"2025","2601","100.147",,"100.147"
"2025","2606","87.157",,"87.157"
"2025","2621","66.062",,"66.062"
"2025","2622","73.928",,"73.928"
"2025","2623","73.461",,"73.461"
"2025","2625","73.858",,"73.858"
"2025","2627","73.858",,"73.858"
"2025","2628","94.97",,"94.97"
"2025","2630","64.576",,"64.576"
"2025","2635","60.111",,"60.111"
"2025","2641","81.996",,"81.996"
"2025","2642","81.996",,"81.996"
"2025","2685","107.303",,"107.303"
"2025","2688","106.987",,"106.987"
"2025","2689","90.202",,"90.202"
"2025","2698","64.457",,"64.457"
"2025","2704","104.574",,"104.574"
"2025","2712","128.662",,"128.662"
"2025","2716","62.257",,"62.257"
"2025","2722","124.44",,"124.44"
"2025","2729","99.892",,"99.892"
"2025","2733","93.27",,"93.27"
"2025","2735","138.688",,"138.688"
"2025","2736","66.178",,"66.178"
"2025","2746","101.886",,"101.886"
"2025","2749","104.258",,"104.258"
"2025","2750","100.147",,"100.147"
"2025","2751","77.978",,"77.978"
"2025","2754","102.81",,"102.81"
"2025","2757","85.068",,"85.068"
"2025","2760","50.957",,"50.957"
"2025","2763","77.809",,"77.809"
"2025","2766","101.608",,"101.608"
"2025","2776","100.424",,"100.424"
"2025","2778","76.942",,"76.942"
"2025","2780","175.656",,"175.656"
"2025","2781","139.676",,"139.676"
"2025","2782","156.386",,"156.386"
"2025","2786","77.978",,"77.978"
"2025","2787","75.536",,"75.536"
"2025","2794","76.942",,"76.942"
"2025","2798","97.779",,"97.779"
"2025","2800","55.291",,"55.291"
"2025","2876","58.443",,"58.443"
"2025","2878","58.443",,"58.443"
"2025","2879","60.829",,"60.829"
"2025","2881","58.857",,"58.857"
"2025","2882","58.857",,"58.857"
"2025","2883","57.395",,"57.395"
"2025","2885","64.966",,"64.966"
"2025","2894","89.214",,"89.214"
"2025","2898","47.921",,"47.921"
"2025","2899","53.086",,"53.086"
"2025","2902","51.624",,"51.624"
"2025","2903","48.335",,"48.335"
"2025","2904","53.5",,"53.5"
"2025","2908","58.443",,"58.443"
"2025","2910","58.443",,"58.443"
"2025","2911","60.829",,"60.829"
"2025","2916","53.5",,"53.5"
"2025","2918","104.388",,"104.388"
"2025","2931","148.744",,"148.744"
"2025","2944","67.018",,"67.018"
"2025","2945","67.018",,"67.018"
"2025","2950","117.933",,"117.933"
"2025","2954","118.249",,"118.249"
"2025","2956","65.556",,"65.556"
"2025","2957","64.576",,"64.576"
"2025","2963","94.97",,"94.97"
"2025","2964","98.564",,"98.564"
"2025","2966","98.564",,"98.564"
"2025","2972","94.97",,"94.97"
"2025","2973","96.376",,"96.376"
"2025","2974","143.23",,"143.23"
"2025","2981","118.249",,"118.249"
"2025","2985","95.384",,"95.384"
"2025","2996","59.829",,"59.829"
"2025","2997","60.829",,"60.829"
"2025","2999","56.981",,"56.981"
"2025","3000","58.367",,"58.367"
"2025","3001","59.367",,"59.367"
"2025","3003","61.243",,"61.243"
"2025","3011","96.309",,"96.309"
"2025","3012","52.729",,"52.729"
"2025","3023","90.676",,"90.676"
"2025","3027","90.676",,"90.676"
"2025","3028","89.214",,"89.214"
"2025","3031","91.09",,"91.09"
"2025","3032","91.09",,"91.09"
"2025","3033","54.086",,"54.086"
"2025","3035","54.086",,"54.086"
"2025","3036","54.086",,"54.086"
"2025","3037","54.5",,"54.5"
"2025","3038","54.5",,"54.5"
"2025","3041","64.462",,"64.462"
"2025","3045","65.462",,"65.462"
"2025","3049","59.829",,"59.829"
"2025","3050","60.829",,"60.829"
"2025","3052","59.367",,"59.367"
"2025","3053","64.966",,"64.966"
"2025","3054","52.729",,"52.729"
"2025","3055","65.462",,"65.462"
"2025","3059","63.645",,"63.645"
"2025","3063","64.966",,"64.966"
"2025","3064","47.921",,"47.921"
"2025","3065","53.086",,"53.086"
"2025","3066","52.038",,"52.038"
"2025","3067","64.966",,"64.966"
"2025","3074","59.367",,"59.367"
"2025","3077","94.559",,"94.559"
"2025","3078","89.628",,"89.628"
"2025","3083","105.914",,"105.914"
"2025","3087","60.773",,"60.773"
"2025","3090","59.781",,"59.781"
"2025","3091","79.818",,"79.818"
"2025","3092","80.232",,"80.232"
"2025","3093","87.953",,"87.953"
"2025","3094","74.708",,"74.708"
"2025","3098","95.334",,"95.334"
"2025","3099","93.06",,"93.06"
"2025","3102","94.145",,"94.145"
"2025","3105","52.624",,"52.624"
"2025","3106","53.038",,"53.038"
"2025","3107","69.829",,"69.829"
"2025","3108","62.183",,"62.183"
"2025","3109","61.183",,"61.183"
"2025","3111","64.",,"64."
"2025","3112","56.981",,"56.981"
"2025","3113","58.367",,"58.367"
"2025","3114","62.183",,"62.183"
"2025","3115","61.183",,"61.183"
"2025","3117","60.773",,"60.773"
"2025","3118","84.199",,"84.199"
"2025","3123","98.802",,"98.802"
"2025","3131","49.215",,"49.215"
"2025","3133","104.824",,"104.824"
"2025","3136","106.23",,"106.23"
"2025","3143","118.249",,"118.249"
"2025","3145","60.853",,"60.853"
"2025","3149","59.853",,"59.853"
"2025","3150","105.791",,"105.791"
"2025","3151","138.249",,"138.249"
"2025","3154","79.3",,"79.3"
"2025","3164","84.727",,"84.727"
"2025","3165","176.933",,"176.933"
"2025","3166","84.727",,"84.727"
"2025","3167","147.657",,"147.657"
"2025","3170","181.493",,"181.493"
"2025","3171","148.287",,"148.287"
"2025","3172","148.287",,"148.287"
"2025","3174","110.218",,"110.218"
"2025","3176","211.315",,"211.315"
"2025","3177","60.853",,"60.853"
"2025","3178","53.53",,"53.53"
"2025","3181","100.397",,"100.397"
"2025","3184","143.86",,"143.86"
"2025","3191","100.614",,"100.614"
"2025","3202","85.149",,"85.149"
"2025","3207","107.296",,"107.296"
"2025","3213","92.859",,"92.859"
"2025","3215","92.543",,"92.543"
"2025","3216","92.543",,"92.543"
"2025","3220","105.513",,"105.513"
"2025","3221","106.513",,"106.513"
"2025","3223","106.513",,"106.513"
"2025","3225","106.513",,"106.513"
"2025","3228","106.513",,"106.513"
"2025","3229","109.201",,"109.201"
"2025","3256","55.271",,"55.271"
"2025","3258","95.748",,"95.748"
"2025","3260","84.735",,"84.735"
"2025","3261","89.058",,"89.058"
"2025","3262","80.3",,"80.3"
"2025","3284","75.124",,"75.124"
"2025","3285","77.866",,"77.866"
"2025","3289","77.452",,"77.452"
"2025","3291","77.452",,"77.452"
"2025","3306","104.574",,"104.574"
"2025","3316","174.568",,"174.568"
"2025","3330","62.477",,"62.477"
"2025","3331","94.256",,"94.256"
"2025","3332","62.477",,"62.477"
"2025","3337","42.307",,"42.307"
"2025","3347","99.831",,"99.831"
"2025","3349","85.068",,"85.068"
"2025","3350","85.068",,"85.068"
"2025","3355","107.612",,"107.612"
"2025","3358","93.592",,"93.592"
"2025","3375","163.201",,"163.201"
"2025","3377","124.026",,"124.026"
"2025","3379","82.461",,"82.461"
"2025","3382","69.489",,"69.489"
"2025","3389","56.814",,"56.814"
"2025","3392","79.3",,"79.3"
"2025","3395","80.616",,"80.616"
"2025","3399","85.202",,"85.202"
"2025","3415","95.82",,"95.82"
"2025","3426","108.885",,"108.885"
"2025","3427","95.799",,"95.799"
"2025","3428","95.799",,"95.799"
"2025","3438","107.303",,"107.303"
"2025","3440","53.868",,"53.868"
"2025","3441","106.987",,"106.987"
"2025","3442","106.987",,"106.987"
"2025","3448","98.241",,"98.241"
"2025","3452","94.026",,"94.026"
"2025","3454","105.914",,"105.914"
"2025","3455","100.081",,"100.081"
"2025","3459","68.486",,"68.486"
"2025","3462","113.506",,"113.506"
"2025","3464","113.506",,"113.506"
"2025","3469","104.508",,"104.508"
"2025","3470","108.885",,"108.885"
"2025","3471","108.885",,"108.885"
"2025","3477","108.885",,"108.885"
"2025","3478","109.201",,"109.201"
"2025","3479","94.44",,"94.44"
"2025","3480","133.135",,"133.135"
"2025","3481","179.669",,"179.669"
"2025","3485","142.76",,"142.76"
"2025","3486","84.727",,"84.727"
"2025","3487","110.218",,"110.218"
"2025","3488","105.791",,"105.791"
"2025","3496","117.913",,"117.913"
"2025","3498","149.831",,"149.831"
"2025","3499","149.831",,"149.831"
"2025","3500","150.25",,"150.25"
"2025","3507","95.501",,"95.501"
"2025","3511","104.508",,"104.508"
"2025","3512","100.081",,"100.081"
"2025","3513","100.081",,"100.081"
"2025","3520","154.296",,"154.296"
"2025","3526","59.853",,"59.853"
"2025","3528","65.28",,"65.28"
"2025","3529","106.296",,"106.296"
"2025","3538","65.28",,"65.28"
"2025","3539","64.28",,"64.28"
"2025","3540","93.375",,"93.375"
"2025","3542","106.296",,"106.296"
"2025","3543","106.296",,"106.296"
"2025","3544","107.296",,"107.296"
"2025","3546","170.812",,"170.812"
"2025","3547","224.492",,"224.492"
"2025","3548","93.059",,"93.059"
"2025","3554","65.28",,"65.28"
"2025","3555","104.508",,"104.508"
"2025","3556","116.933",,"116.933"
"2025","3557","83.727",,"83.727"
"2025","3559","68.802",,"68.802"
"2025","3560","68.802",,"68.802"
"2025","3562","105.041",,"105.041"
"2025","3566","106.612",,"106.612"
"2025","3570","104.258",,"104.258"
"2025","3573","94.059",,"94.059"
"2025","3575","96.703",,"96.703"
"2025","3577","59.853",,"59.853"
"2025","3579","60.853",,"60.853"
"2025","3581","65.28",,"65.28"
"2025","3582","64.28",,"64.28"
"2025","3587","58.353",,"58.353"
"2025","3589","106.296",,"106.296"
"2025","3590","99.831",,"99.831"
"2025","3593","95.501",,"95.501"
"2025","3594","141.059",,"141.059"
"2025","3595","107.296",,"107.296"
"2025","3598","100.081",,"100.081"
"2025","3600","65.28",,"65.28"
"2025","3601","64.28",,"64.28"
"2025","3606","125.619",,"125.619"
"2025","3608","99.831",,"99.831"
"2025","3609","171.128",,"171.128"
"2025","3610","64.059",,"64.059"
"2025","3612","101.487",,"101.487"
"2025","3616","136.28",,"136.28"
"2025","3617","179.669",,"179.669"
"2025","3622","101.487",,"101.487"
"2025","3625","111.218",,"111.218"
"2025","3626","106.791",,"106.791"
"2025","3627","111.218",,"111.218"
"2025","3628","111.218",,"111.218"
"2025","3633","139.676",,"139.676"
"2025","3634","138.688",,"138.688"
"2025","3641","147.987",,"147.987"
"2025","3651","138.249",,"138.249"
"2025","3663","154.824",,"154.824"
"2025","3664","64.375",,"64.375"
"2025","3666","60.853",,"60.853"
"2025","3667","117.913",,"117.913"
"2025","3677","104.258",,"104.258"
"2025","3682","107.612",,"107.612"
"2025","3683","99.241",,"99.241"
"2025","3684","60.737",,"60.737"
"2025","3686","55.31",,"55.31"
"2025","3690","95.94",,"95.94"
"2025","3692","95.526",,"95.526"
"2025","3693","167.521",,"167.521"
"2025","3694","115.552",,"115.552"
"2025","3695","115.552",,"115.552"
"2025","3699","167.521",,"167.521"
"2025","3701","132.721",,"132.721"
"2025","3702","107.296",,"107.296"
"2025","3707","170.812",,"170.812"
"2025","3708","94.256",,"94.256"
"2025","3709","115.552",,"115.552"
"2025","3720","84.242",,"84.242"
"2025","3728","116.631",,"116.631"
"2025","3731","67.715",,"67.715"
"2025","3733","123.132",,"123.132"
"2025","3738","123.139",,"123.139"
"2025","3739","123.139",,"123.139"
"2025","3781","54.352",,"54.352"
"2025","3782","55.814",,"55.814"
"2025","3783","123.132",,"123.132"
"2025","3784","110.895",,"110.895"
"2025","3785","70.157",,"70.157"
"2025","3790","55.814",,"55.814"
"2025","3802","151.482",,"151.482"
"2025","3803","151.482",,"151.482"
"2025","3813","176.552",,"176.552"
"2025","3820","85.464",,"85.464"
"2025","3821","154.932",,"154.932"
"2025","3822","150.321",,"150.321"
"2025","3823","146.359",,"146.359"
"2025","3824","138.089",,"138.089"
"2025","3825","141.93",,"141.93"
"2025","3826","85.464",,"85.464"
"2025","3828","64.457",,"64.457"
"2025","3831","113.822",,"113.822"
"2025","3844","102.781",,"102.781"
"2025","3845","62.814",,"62.814"
"2025","3846","62.814",,"62.814"
"2025","3852","123.631",,"123.631"
"2025","3856","77.157",,"77.157"
"2025","3857","130.132",,"130.132"
"2025","3858","110.895",,"110.895"
"2025","3859","62.814",,"62.814"
"2025","3860","66.785",,"66.785"
"2025","3861","67.785",,"67.785"
"2025","3862","69.519",,"69.519"
"2025","3863","59.519",,"59.519"
"2025","3864","63.519",,"63.519"
"2025","3865","64.519",,"64.519"
"2025","3866","67.785",,"67.785"
"2025","3867","64.519",,"64.519"
"2025","3868","69.519",,"69.519"
"2025","3869","70.604",,"70.604"
"2025","3870","64.519",,"64.519"
"2025","3871","69.054",,"69.054"
"2025","3872","70.604",,"70.604"
"2025","3875","63.615",,"63.615"
"2025","3876","59.933",,"59.933"
"2025","3877","64.029",,"64.029"
"2025","3878","63.933",,"63.933"
"2025","3879","64.933",,"64.933"
"2025","3880","64.933",,"64.933"
"2025","3881","67.199",,"67.199"
"2025","3882","68.199",,"68.199"
"2025","3883","68.199",,"68.199"
"2025","3884","69.933",,"69.933"
"2025","3885","69.933",,"69.933"
"2025","3886","71.018",,"71.018"
"2025","3887","69.468",,"69.468"
"2025","3888","71.018",,"71.018"
"2025","3889","74.526",,"74.526"
"2025","3890","63.935",,"63.935"
"2025","3891","63.521",,"63.521"
"2025","3896","80.793",,"80.793"
"2025","3898","71.793",,"71.793"
"2025","3899","74.526",,"74.526"
"2025","3902","78.671",,"78.671"
"2025","3906","79.651",,"79.651"
"2025","3907","79.085",,"79.085"
"2025","3909","71.793",,"71.793"
"2025","3919","101.608",,"101.608"
"2025","3923","67.018",,"67.018"
"2025","3927","107.296",,"107.296"
"2025","3940","166.28",,"166.28"
"2025","3948","167.194",,"167.194"
"2025","3950","73.875",,"73.875"
"2025","3953","167.417",,"167.417"
"2025","3957","171.621",,"171.621"
"2025","3966","161.315",,"161.315"
"2025","3969","86.244",,"86.244"
"2025","3990","81.207",,"81.207"
"2025","3992","72.207",,"72.207"
"2025","3993","74.94",,"74.94"
"2025","3994","74.94",,"74.94"
"2025","3995","63.519",,"63.519"
"2025","3996","82.103",,"82.103"
"2025","3997","72.207",,"72.207"
"2025","3999","81.689",,"81.689"
"2025","4003","85.202",,"85.202"
"2025","4005","94.44",,"94.44"
"2025","4006","129.64",,"129.64"
"2025","4007","129.962",,"129.962"
"2025","4008","120.856",,"120.856"
"2025","4009","132.002",,"132.002"
"2025","4010","115.921",,"115.921"
"2025","4012","129.226",,"129.226"
"2025","4013","131.588",,"131.588"
"2025","4014","115.507",,"115.507"
"2025","4016","135.392",,"135.392"
"2025","4020","139.4",,"139.4"
"2025","4021","138.986",,"138.986"
"2025","4023","153.428",,"153.428"
"2025","4025","98.019",,"98.019"
"2025","4033","78.342",,"78.342"
"2025","4035","100.397",,"100.397"
"2025","4036","101.487",,"101.487"
"2025","4038","101.487",,"101.487"
"2025","4039","99.154",,"99.154"
"2025","4045","136.28",,"136.28"
"2025","4048","85.068",,"85.068"
"2025","4049","85.202",,"85.202"
"2025","4051","113.822",,"113.822"
"2025","4054","115.552",,"115.552"
"2025","4057","115.552",,"115.552"
"2025","4065","159.384",,"159.384"
"2025","4066","148.906",,"148.906"
"2025","4067","135.781",,"135.781"
"2025","4068","165.244",,"165.244"
"2025","4069","135.781",,"135.781"
"2025","4070","165.244",,"165.244"
"2025","4072","178.389",,"178.389"
"2025","4078","166.621",,"166.621"
"2025","4084","170.123",,"170.123"
"2025","4089","106.254",,"106.254"
"2025","4090","105.84",,"105.84"
"2025","4092","64.462",,"64.462"
"2025","4093","121.661",,"121.661"
"2025","4118","167.628",,"167.628"
"2025","4119","140.707",,"140.707"
"2025","4120","140.707",,"140.707"
"2025","4122","59.781",,"59.781"
"2025","4123","60.853",,"60.853"
"2025","4124","65.28",,"65.28"
"2025","4125","60.737",,"60.737"
"2025","4126","41.695",,"41.695"
"2025","4132","151.272",,"151.272"
"2025","4135","151.272",,"151.272"
"2025","4139","158.506",,"158.506"
"2025","4140","157.506",,"157.506"
"2025","4141","161.933",,"161.933"
"2025","4144","153.972",,"153.972"
"2025","4145","118.249",,"118.249"
"2025","4146","117.933",,"117.933"
"2025","4147","118.249",,"118.249"
"2025","4152","119.101",,"119.101"
"2025","4162","169.199",,"169.199"
"2025","4164","168.785",,"168.785"
"2025","4166","85.043",,"85.043"
"2025","4167","106.291",,"106.291"
"2025","4168","103.849",,"103.849"
"2025","4172","96.849",,"96.849"
"2025","4183","135.781",,"135.781"
"2025","4185","104.574",,"104.574"
"2025","4195","97.703",,"97.703"
"2025","4196","98.831",,"98.831"
"2025","4206","107.479",,"107.479"
"2025","4212","265.225",,"265.225"
"2025","4214","221.325",,"221.325"
"2025","4215","221.739",,"221.739"
"2025","4216","115.926",,"115.926"
"2025","4224","68.486",,"68.486"
"2025","4231","167.115",,"167.115"
"2025","4232","160.999",,"160.999"
"2025","4233","157.635",,"157.635"
"2025","4237","85.043",,"85.043"
"2025","4245","66.941",,"66.941"
"2025","4246","71.368",,"71.368"
"2025","4247","71.368",,"71.368"
"2025","4248","108.885",,"108.885"
"2025","4249","173.43",,"173.43"
"2025","4250","108.885",,"108.885"
"2025","4251","107.795",,"107.795"
"2025","4252","109.201",,"109.201"
"2025","4257","167.312",,"167.312"
"2025","4258","167.312",,"167.312"
"2025","4293","106.987",,"106.987"
"2025","4294","94.026",,"94.026"
"2025","4305","87.157",,"87.157"
"2025","4316","61.145",,"61.145"
"2025","4317","84.476",,"84.476"
"2025","4318","88.07",,"88.07"
"2025","4319","63.587",,"63.587"
"2025","4321","60.731",,"60.731"
"2025","4322","87.656",,"87.656"
"2025","4324","169.812",,"169.812"
"2025","4325","122.574",,"122.574"
"2025","4329","100.424",,"100.424"
"2025","4331","96.376",,"96.376"
"2025","4332","53.53",,"53.53"
"2025","4335","95.334",,"95.334"
"2025","4337","173.378",,"173.378"
"2025","4339","96.703",,"96.703"
"2025","4340","95.526",,"95.526"
"2025","4341","154.824",,"154.824"
"2025","4342","95.526",,"95.526"
"2025","4350","94.026",,"94.026"
"2025","4352","77.928",,"77.928"
"2025","4353","98.74",,"98.74"
"2025","4359","54.047",,"54.047"
"2025","4361","168.785",,"168.785"
"2025","4362","64.059",,"64.059"
"2025","4366","52.829",,"52.829"
"2025","4367","60.737",,"60.737"
"2025","4369","96.703",,"96.703"
"2025","4370","99.892",,"99.892"
"2025","4372","99.97",,"99.97"
"2025","4374","154.677",,"154.677"
"2025","4375","68.486",,"68.486"
"2025","4378","157.855",,"157.855"
"2025","4386","167.628",,"167.628"
"2025","4387","66.941",,"66.941"
"2025","4388","51.605",,"51.605"
"2025","4389","99.",,"99."
"2025","4390","84.062",,"84.062"
"2025","4403","83.727",,"83.727"
"2025","4404","105.041",,"105.041"
"2025","4408","167.115",,"167.115"
"2025","4409","160.999",,"160.999"
"2025","4412","158.506",,"158.506"
"2025","4414","157.506",,"157.506"
"2025","4429","149.545",,"149.545"
"2025","4435","106.791",,"106.791"
"2025","4442","70.107",,"70.107"
"2025","4446","113.822",,"113.822"
"2025","4447","97.802",,"97.802"
"2025","4449","40.327",,"40.327"
"2025","4450","148.744",,"148.744"
"2025","4452","120.442",,"120.442"
"2025","4453","116.659",,"116.659"
"2025","4455","107.479",,"107.479"
"2025","4456","178.389",,"178.389"
"2025","4463","81.996",,"81.996"
"2025","4498","45.312",,"45.312"
"2025","4501","117.921",,"117.921"
"2025","4502","161.933",,"161.933"
"2025","4503","161.933",,"161.933"
"2025","4504","68.486",,"68.486"
"2025","4507","53.662",,"53.662"
"2025","4511","70.107",,"70.107"
"2025","4521","100.397",,"100.397"
"2025","4527","67.521",,"67.521"
"2025","4536","94.026",,"94.026"
"2025","4554","181.493",,"181.493"
"2025","4555","98.978",,"98.978"
"2025","4561","171.364",,"171.364"
"2025","4563","107.296",,"107.296"
"2025","4565","68.583",,"68.583"
"2025","4566","49.235",,"49.235"
"2025","4567","68.583",,"68.583"
"2025","4568","64.",,"64."
"2025","4569","64.",,"64."
"2025","4570","59.367",,"59.367"
"2025","4571","44.183",,"44.183"
"2025","4573","43.769",,"43.769"
"2025","4574","68.583",,"68.583"
"2025","4576","99.97",,"99.97"
"2025","4581","117.257",,"117.257"
"2025","4582","62.257",,"62.257"
"2025","4583","62.257",,"62.257"
"2025","4584","62.257",,"62.257"
"2025","4585","130.327",,"130.327"
"2025","4599","265.225",,"265.225"
"2025","4600","265.225",,"265.225"
"2025","4603","85.06",,"85.06"
"2025","4604","85.474",,"85.474"
"2025","4605","53.241",,"53.241"
"2025","4606","53.241",,"53.241"
"2025","4607","52.827",,"52.827"
"2025","4608","52.827",,"52.827"
"2025","4609","50.799",,"50.799"
"2025","4610","50.385",,"50.385"
"2025","4611","50.799",,"50.799"
"2025","4612","50.385",,"50.385"
"2025","4615","66.062",,"66.062"
"2025","4616","62.257",,"62.257"
"2025","4624","69.892",,"69.892"
"2025","4639","74.715",,"74.715"
"2025","4655","85.59",,"85.59"
"2025","4660","67.884",,"67.884"
"2025","4661","68.884",,"68.884"
"2025","4663","162.933",,"162.933"
"2025","4664","66.062",,"66.062"
"2025","4665","62.257",,"62.257"
"2025","4667","97.486",,"97.486"
"2025","4669","158.277",,"158.277"
"2025","4670","161.933",,"161.933"
"2025","4679","168.115",,"168.115"
"2025","4680","168.115",,"168.115"
"2025","4682","170.771",,"170.771"
"2025","4683","170.771",,"170.771"
"2025","4687","170.807",,"170.807"
"2025","4688","170.812",,"170.812"
"2025","4694","169.269",,"169.269"
"2025","4698","170.807",,"170.807"
"2025","4711","101.487",,"101.487"
"2025","4714","101.886",,"101.886"
"2025","4715","109.201",,"109.201"
"2025","4716","109.201",,"109.201"
"2025","4718","128.365",,"128.365"
"2025","4719","101.886",,"101.886"
"2025","4720","60.853",,"60.853"
"2025","4723","101.42",,"101.42"
"2025","4725","98.241",,"98.241"
"2025","4740","43.472",,"43.472"
"2025","4741","63.199",,"63.199"
"2025","4742","54.047",,"54.047"
"2025","4747","63.199",,"63.199"
"2025","4753","96.703",,"96.703"
"2025","4756","158.277",,"158.277"
"2025","4757","154.258",,"154.258"
"2025","4758","154.258",,"154.258"
"2025","4761","158.224",,"158.224"
"2025","4763","105.914",,"105.914"
"2025","4767","162.933",,"162.933"
"2025","4774","87.771",,"87.771"
"2025","4775","55.271",,"55.271"
"2025","4789","53.979",,"53.979"
"2025","4843","78.033",,"78.033"
"2025","4878","86.663",,"86.663"
"2025","4879","75.536",,"75.536"
"2025","4880","153.481",,"153.481"
"2025","4881","166.621",,"166.621"
"2025","4882","108.691",,"108.691"
"2025","4885","171.048",,"171.048"
"2025","4886","100.397",,"100.397"
"2025","4887","171.364",,"171.364"
"2025","4888","75.536",,"75.536"
"2025","4889","78.801",,"78.801"
"2025","4890","51.055",,"51.055"
"2025","4891","74.708",,"74.708"
"2025","4896","64.375",,"64.375"
"2025","4902","168.115",,"168.115"
"2025","4905","346.223",,"346.223"
"2025","4909","106.987",,"106.987"
"2025","4924","171.321",,"171.321"
"2025","4926","169.147",,"169.147"
"2025","4927","107.303",,"107.303"
"2025","4928","92.17",,"92.17"
"2025","4929","95.764",,"95.764"
"2025","4934","107.303",,"107.303"
"2025","4935","106.987",,"106.987"
"2025","4937","157.021",,"157.021"
"2025","4938","126.612",,"126.612"
"2025","4942","96.799",,"96.799"
"2025","4943","96.799",,"96.799"
"2025","4944","106.931",,"106.931"
"2025","4947","171.087",,"171.087"
"2025","4949","168.115",,"168.115"
"2025","4950","234.282",,"234.282"
"2025","4951","234.282",,"234.282"
"2025","4952","173.822",,"173.822"
"2025","4959","170.129",,"170.129"
"2025","4960","166.361",,"166.361"
"2025","4961","165.509",,"165.509"
"2025","4962","357.578",,"357.578"
"2025","4964","170.129",,"170.129"
"2025","4965","166.361",,"166.361"
"2025","4966","165.509",,"165.509"
"2025","4970","95.764",,"95.764"
"2025","4973","46.438",,"46.438"
"2025","4974","157.908",,"157.908"
"2025","4975","113.118",,"113.118"
"2025","4976","178.249",,"178.249"
"2025","4984","86.964",,"86.964"
"2025","4985","80.159",,"80.159"
"2025","4986","49.235",,"49.235"
"2025","4991","139.262",,"139.262"
"2025","4993","51.993",,"51.993"
"2025","4995","59.759",,"59.759"
"2025","4996","59.759",,"59.759"
"2025","4997","67.432",,"67.432"
"2025","5005","137.722",,"137.722"
"2025","5006","133.44",,"133.44"
"2025","5007","167.038",,"167.038"
"2025","5008","170.667",,"170.667"
"2025","5009","139.218",,"139.218"
"2025","5010","133.44",,"133.44"
"2025","5011","75.538",,"75.538"
"2025","5015","133.026",,"133.026"
"2025","5016","167.378",,"167.378"
"2025","5017","57.144",,"57.144"
"2025","5018","106.46",,"106.46"
"2025","5019","84.233",,"84.233"
"2025","5020","83.458",,"83.458"
"2025","5021","84.647",,"84.647"
"2025","5026","76.16",,"76.16"
"2025","5028","57.144",,"57.144"
"2025","5029","95.597",,"95.597"
"2025","5031","110.887",,"110.887"
"2025","5032","110.887",,"110.887"
"2025","5033","83.044",,"83.044"
"2025","5034","72.21",,"72.21"
"2025","5035","73.21",,"73.21"
"2025","5036","74.944",,"74.944"
"2025","5037","64.944",,"64.944"
"2025","5038","68.944",,"68.944"
"2025","5039","69.944",,"69.944"
"2025","5040","73.21",,"73.21"
"2025","5041","69.944",,"69.944"
"2025","5042","74.944",,"74.944"
"2025","5043","69.944",,"69.944"
"2025","5044","76.029",,"76.029"
"2025","5045","69.04",,"69.04"
"2025","5046","65.358",,"65.358"
"2025","5047","69.454",,"69.454"
"2025","5048","69.358",,"69.358"
"2025","5049","70.358",,"70.358"
"2025","5050","70.358",,"70.358"
"2025","5051","72.624",,"72.624"
"2025","5052","73.624",,"73.624"
"2025","5053","73.624",,"73.624"
"2025","5054","75.358",,"75.358"
"2025","5055","75.358",,"75.358"
"2025","5056","76.443",,"76.443"
"2025","5057","74.893",,"74.893"
"2025","5058","76.443",,"76.443"
"2025","5059","79.951",,"79.951"
"2025","5060","69.36",,"69.36"
"2025","5061","68.946",,"68.946"
"2025","5062","70.358",,"70.358"
"2025","5063","70.358",,"70.358"
"2025","5064","79.951",,"79.951"
"2025","5066","80.365",,"80.365"
"2025","5068","68.944",,"68.944"
"2025","5069","72.946",,"72.946"
"2025","5070","75.395",,"75.395"
"2025","5071","76.029",,"76.029"
"2025","5072","74.479",,"74.479"
"2025","5074","121.12",,"121.12"
"2025","5075","136.64",,"136.64"
"2025","5076","136.64",,"136.64"
"2025","5077","136.763",,"136.763"
"2025","5078","136.763",,"136.763"
"2025","5079","136.337",,"136.337"
"2025","5080","115.606",,"115.606"
"2025","5081","164.987",,"164.987"
"2025","5082","164.987",,"164.987"
"2025","5084","164.987",,"164.987"
"2025","5085","164.987",,"164.987"
"2025","5086","132.44",,"132.44"
"2025","5087","121.41",,"121.41"
"2025","5088","133.44",,"133.44"
"2025","5089","133.44",,"133.44"
"2025","5091","133.44",,"133.44"
"2025","5092","133.44",,"133.44"
"2025","5093","133.44",,"133.44"
"2025","5094","133.44",,"133.44"
"2025","5096","158.725",,"158.725"
"2025","5097","158.725",,"158.725"
"2025","5098","158.725",,"158.725"
"2025","5099","121.296",,"121.296"
"2025","5103","68.686",,"68.686"
"2025","5104","74.585",,"74.585"
"2025","5107","95.448",,"95.448"
"2025","5108","95.448",,"95.448"
"2025","5109","91.854",,"91.854"
"2025","5110","106.987",,"106.987"
"2025","5114","86.157",,"86.157"
"2025","5119","139.295",,"139.295"
"2025","5120","139.293",,"139.293"
"2025","5121","139.297",,"139.297"
"2025","5124","96.501",,"96.501"
"2025","5131","94.358",,"94.358"
"2025","5132","164.987",,"164.987"
"2025","5133","164.987",,"164.987"
"2025","5135","106.791",,"106.791"
"2025","5136","74.585",,"74.585"
"2025","5137","51.993",,"51.993"
"2025","5140","98.831",,"98.831"
"2025","5143","167.378",,"167.378"
"2025","5145","101.886",,"101.886"
"2025","5147","68.272",,"68.272"
"2025","5148","70.375",,"70.375"
"2025","5149","70.375",,"70.375"
"2025","5154","302.991",,"302.991"
"2025","5155","54.235",,"54.235"
"2025","5156","137.308",,"137.308"
"2025","5157","134.132",,"134.132"
"2025","5165","134.797",,"134.797"
"2025","5166","108.361",,"108.361"
"2025","5168","110.389",,"110.389"
"2025","5169","110.803",,"110.803"
"2025","5170","110.803",,"110.803"
"2025","5172","107.927",,"107.927"
"2025","5173","109.341",,"109.341"
"2025","5174","108.927",,"108.927"
"2025","5175","110.389",,"110.389"
"2025","5176","107.947",,"107.947"
"2025","5177","108.361",,"108.361"
"2025","5180","110.389",,"110.389"
"2025","5182","106.947",,"106.947"
"2025","5184","117.257",,"117.257"
"2025","5185","123.884",,"123.884"
"2025","5188","168.733",,"168.733"
"2025","5189","245.423",,"245.423"
"2025","5192","123.884",,"123.884"
"2025","5207","118.378",,"118.378"
"2025","5208","78.033",,"78.033"
"2025","5210","75.124",,"75.124"
"2025","5213","77.632",,"77.632"
"2025","5215","158.224",,"158.224"
"2025","5217","87.771",,"87.771"
"2025","5229","167.228",,"167.228"
"2025","5231","158.311",,"158.311"
"2025","5232","157.296",,"157.296"
"2025","5242","158.725",,"158.725"
"2025","5243","110.045",,"110.045"
"2025","5244","158.725",,"158.725"
"2025","5245","158.311",,"158.311"
"2025","5247","149.241",,"149.241"
"2025","5248","149.241",,"149.241"
"2025","5251","164.588",,"164.588"
"2025","5252","164.588",,"164.588"
"2025","5255","107.303",,"107.303"
"2025","5256","104.574",,"104.574"
"2025","5271","105.914",,"105.914"
"2025","5272","106.811",,"106.811"
"2025","5273","169.232",,"169.232"
"2025","5274","169.787",,"169.787"
"2025","5275","169.298",,"169.298"
"2025","5276","156.572",,"156.572"
"2025","5286","168.884",,"168.884"
"2025","5293","154.915",,"154.915"
"2025","5296","159.144",,"159.144"
"2025","5302","174.015",,"174.015"
"2025","5305","174.015",,"174.015"
"2025","5308","85.928",,"85.928"
"2025","5309","167.417",,"167.417"
"2025","5314","164.987",,"164.987"
"2025","5315","124.026",,"124.026"
"2025","5316","101.886",,"101.886"
"2025","5317","101.886",,"101.886"
"2025","5318","70.107",,"70.107"
"2025","5319","70.107",,"70.107"
"2025","5323","108.691",,"108.691"
"2025","5324","104.574",,"104.574"
"2025","5325","99.831",,"99.831"
"2025","5326","158.277",,"158.277"
"2025","5327","153.85",,"153.85"
"2025","5329","95.781",,"95.781"
"2025","5330","95.781",,"95.781"
"2025","5331","126.44",,"126.44"
"2025","5337","160.454",,"160.454"
"2025","5356","106.931",,"106.931"
"2025","5357","133.026",,"133.026"
"2025","5359","117.257",,"117.257"
"2025","5361","77.218",,"77.218"
"2025","5362","85.202",,"85.202"
"2025","5363","85.616",,"85.616"
"2025","5364","95.334",,"95.334"
"2025","5365","95.748",,"95.748"
"2025","5367","170.807",,"170.807"
"2025","5368","170.807",,"170.807"
"2025","5369","107.296",,"107.296"
"2025","5375","94.059",,"94.059"
"2025","5378","107.296",,"107.296"
"2025","5379","107.296",,"107.296"
"2025","5382","107.296",,"107.296"
"2025","5383","170.812",,"170.812"
"2025","5384","170.812",,"170.812"
"2025","5386","106.296",,"106.296"
"2025","5387","107.296",,"107.296"
"2025","5392","96.799",,"96.799"
"2025","5393","97.779",,"97.779"
"2025","5394","99.241",,"99.241"
"2025","5396","99.241",,"99.241"
"2025","5397","108.393",,"108.393"
"2025","5398","108.393",,"108.393"
"2025","5400","136.157",,"136.157"
"2025","5401","86.157",,"86.157"
"2025","5402","86.157",,"86.157"
"2025","5403","86.157",,"86.157"
"2025","5404","86.157",,"86.157"
"2025","5405","86.157",,"86.157"
"2025","5406","104.508",,"104.508"
"2025","5408","104.824",,"104.824"
"2025","5409","105.914",,"105.914"
"2025","5410","101.487",,"101.487"
"2025","5411","105.914",,"105.914"
"2025","5412","100.081",,"100.081"
"2025","5413","104.508",,"104.508"
"2025","5414","101.18",,"101.18"
"2025","5415","65.465",,"65.465"
"2025","5416","65.465",,"65.465"
"2025","5418","104.824",,"104.824"
"2025","5424","163.474",,"163.474"
"2025","5425","163.474",,"163.474"
"2025","5427","167.703",,"167.703"
"2025","5430","139.95",,"139.95"
"2025","5432","182.574",,"182.574"
"2025","5433","182.574",,"182.574"
"2025","5435","182.574",,"182.574"
"2025","5440","182.574",,"182.574"
"2025","5441","104.258",,"104.258"
"2025","5442","100.081",,"100.081"
"2025","5443","100.397",,"100.397"
"2025","5444","104.508",,"104.508"
"2025","5445","100.397",,"100.397"
"2025","5447","104.824",,"104.824"
"2025","5448","104.824",,"104.824"
"2025","5449","104.824",,"104.824"
"2025","5450","166.28",,"166.28"
"2025","5451","104.824",,"104.824"
"2025","5452","104.824",,"104.824"
"2025","5453","104.824",,"104.824"
"2025","5454","106.23",,"106.23"
"2025","5455","174.568",,"174.568"
"2025","5456","158.527",,"158.527"
"2025","5457","154.824",,"154.824"
"2025","5458","154.824",,"154.824"
"2025","5459","100.397",,"100.397"
"2025","5460","101.487",,"101.487"
"2025","5461","158.527",,"158.527"
"2025","5462","70.375",,"70.375"
"2025","5463","70.375",,"70.375"
"2025","5464","101.803",,"101.803"
"2025","5465","101.803",,"101.803"
"2025","5466","170.141",,"170.141"
"2025","5467","170.141",,"170.141"
"2025","5468","100.397",,"100.397"
"2025","5469","169.269",,"169.269"
"2025","5470","170.675",,"170.675"
"2025","5472","104.824",,"104.824"
"2025","5473","74.802",,"74.802"
"2025","5474","74.802",,"74.802"
"2025","5475","106.23",,"106.23"
"2025","5476","101.487",,"101.487"
"2025","5478","166.253",,"166.253"
"2025","5479","166.248",,"166.248"
"2025","5482","74.802",,"74.802"
"2025","5485","166.253",,"166.253"
"2025","5486","105.914",,"105.914"
"2025","5487","105.914",,"105.914"
"2025","5488","104.824",,"104.824"
"2025","5489","154.824",,"154.824"
"2025","5490","105.914",,"105.914"
"2025","5491","170.675",,"170.675"
"2025","5492","74.802",,"74.802"
"2025","5493","105.914",,"105.914"
"2025","5494","154.824",,"154.824"
"2025","5495","105.914",,"105.914"
"2025","5497","150.197",,"150.197"
"2025","5498","136.157",,"136.157"
"2025","5499","62.015",,"62.015"
"2025","5505","101.803",,"101.803"
"2025","5506","106.95",,"106.95"
"2025","5507","102.523",,"102.523"
"2025","5509","106.95",,"106.95"
"2025","5510","151.758",,"151.758"
"2025","5511","141.957",,"141.957"
"2025","5512","106.987",,"106.987"
"2025","5513","106.987",,"106.987"
"2025","5514","107.303",,"107.303"
"2025","5515","107.303",,"107.303"
"2025","5519","106.987",,"106.987"
"2025","5520","107.303",,"107.303"
"2025","5521","106.987",,"106.987"
"2025","5522","106.987",,"106.987"
"2025","5523","106.987",,"106.987"
"2025","5524","179.669",,"179.669"
"2025","5526","164.987",,"164.987"
"2025","5527","164.987",,"164.987"
"2025","5528","106.987",,"106.987"
"2025","5529","179.669",,"179.669"
"2025","5532","164.987",,"164.987"
"2025","5533","97.779",,"97.779"
"2025","5534","106.23",,"106.23"
"2025","5535","166.248",,"166.248"
"2025","5536","76.17",,"76.17"
"2025","5538","138.883",,"138.883"
"2025","5543","184.148",,"184.148"
"2025","5546","109.631",,"109.631"
"2025","5548","170.667",,"170.667"
"2025","5549","126.853",,"126.853"
"2025","5550","102.586",,"102.586"
"2025","5551","104.258",,"104.258"
"2025","5552","100.397",,"100.397"
"2025","5555","135.781",,"135.781"
"2025","5557","69.892",,"69.892"
"2025","5558","158.277",,"158.277"
"2025","5559","153.85",,"153.85"
"2025","5560","106.296",,"106.296"
"2025","5561","99.241",,"99.241"
"2025","5562","117.933",,"117.933"
"2025","5563","121.293",,"121.293"
"2025","5564","117.933",,"117.933"
"2025","5565","118.249",,"118.249"
"2025","5566","118.249",,"118.249"
"2025","5567","118.249",,"118.249"
"2025","5568","80.3",,"80.3"
"2025","5569","138.249",,"138.249"
"2025","5570","79.3",,"79.3"
"2025","5571","143.727",,"143.727"
"2025","5572","172.506",,"172.506"
"2025","5573","84.727",,"84.727"
"2025","5574","176.933",,"176.933"
"2025","5575","181.493",,"181.493"
"2025","5576","148.287",,"148.287"
"2025","5577","143.249",,"143.249"
"2025","5578","84.727",,"84.727"
"2025","5579","138.249",,"138.249"
"2025","5580","143.249",,"143.249"
"2025","5581","113.506",,"113.506"
"2025","5582","113.822",,"113.822"
"2025","5584","121.293",,"121.293"
"2025","5585","83.344",,"83.344"
"2025","5586","87.771",,"87.771"
"2025","5587","87.771",,"87.771"
"2025","5588","177.933",,"177.933"
"2025","5589","145.043",,"145.043"
"2025","5590","178.249",,"178.249"
"2025","5595","168.249",,"168.249"
"2025","5596","63.173",,"63.173"
"2025","5600","163.822",,"163.822"
"2025","5601","163.822",,"163.822"
"2025","5602","168.249",,"168.249"
"2025","5603","137.796",,"137.796"
"2025","5604","126.026",,"126.026"
"2025","5605","194.888",,"194.888"
"2025","5606","134.888",,"134.888"
"2025","5607","135.034",,"135.034"
"2025","5608","134.462",,"134.462"
"2025","5609","134.578",,"134.578"
"2025","5610","159.987",,"159.987"
"2025","5611","160.303",,"160.303"
"2025","5612","159.987",,"159.987"
"2025","5613","160.303",,"160.303"
"2025","5614","153.569",,"153.569"
"2025","5615","154.753",,"154.753"
"2025","5616","154.753",,"154.753"
"2025","5617","150.326",,"150.326"
"2025","5618","157.996",,"157.996"
"2025","5619","157.996",,"157.996"
"2025","5620","153.569",,"153.569"
"2025","5621","153.569",,"153.569"
"2025","5622","153.569",,"153.569"
"2025","5623","153.569",,"153.569"
"2025","5632","186.557",,"186.557"
"2025","5633","186.557",,"186.557"
"2025","5650","169.269",,"169.269"
"2025","5651","169.269",,"169.269"
"2025","5652","169.269",,"169.269"
"2025","5653","169.269",,"169.269"
"2025","5655","121.269",,"121.269"
"2025","5656","169.269",,"169.269"
"2025","5657","230.858",,"230.858"
"2025","5658","222.807",,"222.807"
"2025","5659","169.269",,"169.269"
"2025","5660","169.269",,"169.269"
"2025","5661","62.553",,"62.553"
"2025","5662","73.315",,"73.315"
"2025","5664","73.315",,"73.315"
"2025","5665","166.328",,"166.328"
"2025","5666","170.56",,"170.56"
"2025","5667","170.6",,"170.6"
"2025","5668","170.687",,"170.687"
"2025","5669","171.",,"171."
"2025","5671","170.414",,"170.414"
"2025","5672","165.643",,"165.643"
"2025","5673","112.157",,"112.157"
"2025","5674","135.157",,"135.157"
"2025","5675","87.157",,"87.157"
"2025","5676","62.015",,"62.015"
"2025","5677","87.157",,"87.157"
"2025","5678","112.157",,"112.157"
"2025","5679","135.157",,"135.157"
"2025","5687","94.631",,"94.631"
"2025","5688","144.798",,"144.798"
"2025","5689","145.212",,"145.212"
"2025","5690","148.476",,"148.476"
"2025","5691","148.89",,"148.89"
"2025","5692","145.072",,"145.072"
"2025","5693","145.486",,"145.486"
"2025","5695","107.016",,"107.016"
"2025","5701","102.589",,"102.589"
"2025","5702","107.016",,"107.016"
"2025","5703","56.31",,"56.31"
"2025","5704","150.147",,"150.147"
"2025","5705","94.631",,"94.631"
"2025","5706","79.059",,"79.059"
"2025","5709","147.128",,"147.128"
"2025","5710","146.714",,"146.714"
"2025","5711","129.235",,"129.235"
"2025","5714","141.703",,"141.703"
"2025","5718","138.879",,"138.879"
"2025","5719","91.756",,"91.756"
"2025","5720","91.756",,"91.756"
"2025","5721","91.756",,"91.756"
"2025","5722","67.018",,"67.018"
"2025","5725","102.81",,"102.81"
"2025","5726","87.853",,"87.853"
"2025","5728","85.825",,"85.825"
"2025","5729","103.962",,"103.962"
"2025","5730","106.818",,"106.818"
"2025","5731","103.962",,"103.962"
"2025","5732","104.376",,"104.376"
"2025","5733","85.411",,"85.411"
"2025","5734","88.267",,"88.267"
"2025","5735","106.404",,"106.404"
"2025","5737","100.368",,"100.368"
"2025","5738","76.509",,"76.509"
"2025","5739","106.404",,"106.404"
"2025","5740","80.103",,"80.103"
"2025","5741","88.267",,"88.267"
"2025","5742","76.923",,"76.923"
"2025","5743","77.059",,"77.059"
"2025","5744","80.517",,"80.517"
"2025","5745","85.825",,"85.825"
"2025","5746","87.853",,"87.853"
"2025","5747","76.509",,"76.509"
"2025","5748","76.923",,"76.923"
"2025","5749","100.782",,"100.782"
"2025","5751","106.818",,"106.818"
"2025","5752","80.103",,"80.103"
"2025","5753","100.782",,"100.782"
"2025","5754","80.517",,"80.517"
"2025","5755","76.509",,"76.509"
"2025","5757","85.661",,"85.661"
"2025","5758","104.376",,"104.376"
"2025","5759","97.419",,"97.419"
"2025","5761","80.103",,"80.103"
"2025","5762","89.255",,"89.255"
"2025","5763","102.188",,"102.188"
"2025","5765","86.075",,"86.075"
"2025","5766","89.669",,"89.669"
"2025","5767","89.669",,"89.669"
"2025","5768","87.793",,"87.793"
"2025","5769","115.97",,"115.97"
"2025","5773","106.818",,"106.818"
"2025","5774","89.255",,"89.255"
"2025","5776","106.404",,"106.404"
"2025","5777","115.556",,"115.556"
"2025","5779","105.782",,"105.782"
"2025","5780","105.368",,"105.368"
"2025","5781","173.321",,"173.321"
"2025","5782","172.907",,"172.907"
"2025","5783","151.818",,"151.818"
"2025","5784","151.404",,"151.404"
"2025","5785","151.818",,"151.818"
"2025","5786","151.404",,"151.404"
"2025","5787","147.81",,"147.81"
"2025","5788","151.818",,"151.818"
"2025","5790","164.618",,"164.618"
"2025","5791","101.774",,"101.774"
"2025","5792","148.224",,"148.224"
"2025","5793","151.818",,"151.818"
"2025","5794","149.376",,"149.376"
"2025","5795","145.782",,"145.782"
"2025","5796","151.818",,"151.818"
"2025","5797","148.224",,"148.224"
"2025","5798","151.404",,"151.404"
"2025","5799","148.962",,"148.962"
"2025","5800","151.404",,"151.404"
"2025","5801","151.818",,"151.818"
"2025","5802","151.404",,"151.404"
"2025","5803","85.411",,"85.411"
"2025","5805","147.81",,"147.81"
"2025","5806","145.368",,"145.368"
"2025","5807","147.81",,"147.81"
"2025","5808","115.556",,"115.556"
"2025","5809","168.212",,"168.212"
"2025","5811","151.404",,"151.404"
"2025","5812","148.962",,"148.962"
"2025","5813","115.97",,"115.97"
"2025","5814","112.376",,"112.376"
"2025","5815","55.62",,"55.62"
"2025","5816","56.034",,"56.034"
"2025","5817","111.962",,"111.962"
"2025","5818","158.311",,"158.311"
"2025","5819","93.059",,"93.059"
"2025","5820","91.854",,"91.854"
"2025","5821","101.487",,"101.487"
"2025","5822","102.523",,"102.523"
"2025","5823","164.987",,"164.987"
"2025","5825","138.274",,"138.274"
"2025","5826","160.999",,"160.999"
"2025","5827","157.635",,"157.635"
"2025","5828","161.036",,"161.036"
"2025","5829","161.036",,"161.036"
"2025","5830","157.705",,"157.705"
"2025","5831","157.705",,"157.705"
"2025","5832","127.296",,"127.296"
"2025","5833","127.296",,"127.296"
"2025","5835","128.821",,"128.821"
"2025","5839","117.468",,"117.468"
"2025","5840","97.005",,"97.005"
"2025","5841","117.054",,"117.054"
"2025","5848","109.284",,"109.284"
"2025","5856","104.824",,"104.824"
"2025","5857","81.535",,"81.535"
"2025","5858","79.507",,"79.507"
"2025","5859","81.949",,"81.949"
"2025","5862","113.434",,"113.434"
"2025","5863","109.007",,"109.007"
"2025","5864","167.901",,"167.901"
"2025","5865","167.901",,"167.901"
"2025","5866","172.13",,"172.13"
"2025","5868","187.001",,"187.001"
"2025","5869","187.001",,"187.001"
"2025","5870","187.001",,"187.001"
"2025","5871","172.13",,"172.13"
"2025","5872","187.001",,"187.001"
"2025","5873","186.685",,"186.685"
"2025","5874","229.374",,"229.374"
"2025","5877","233.801",,"233.801"
"2025","5878","206.048",,"206.048"
"2025","5882","144.377",,"144.377"
"2025","5887","144.377",,"144.377"
"2025","5890","170.907",,"170.907"
"2025","5891","118.378",,"118.378"
"2025","5892","151.404",,"151.404"
"2025","5893","481.802",,"481.802"
"2025","5896","75.926",,"75.926"
"2025","5897","79.52",,"79.52"
"2025","5898","91.059",,"91.059"
"2025","5899","92.465",,"92.465"
"2025","5900","92.465",,"92.465"
"2025","5902","78.178",,"78.178"
"2025","5903","78.178",,"78.178"
"2025","5904","80.62",,"80.62"
"2025","5905","87.716",,"87.716"
"2025","5906","85.464",,"85.464"
"2025","5908","92.465",,"92.465"
"2025","5909","92.465",,"92.465"
"2025","5910","92.465",,"92.465"
"2025","5911","75.926",,"75.926"
"2025","5912","79.52",,"79.52"
"2025","5913","91.059",,"91.059"
"2025","5914","78.178",,"78.178"
"2025","5915","78.178",,"78.178"
"2025","5916","80.62",,"80.62"
"2025","5917","87.716",,"87.716"
"2025","5918","96.947",,"96.947"
"2025","5919","85.464",,"85.464"
"2025","5920","87.081",,"87.081"
"2025","5924","105.581",,"105.581"
"2025","5925","90.448",,"90.448"
"2025","5929","105.581",,"105.581"
"2025","5930","106.987",,"106.987"
"2025","5934","150.321",,"150.321"
"2025","5936","94.042",,"94.042"
"2025","5940","82.42",,"82.42"
"2025","5941","86.014",,"86.014"
"2025","5947","92.7",,"92.7"
"2025","5948","105.581",,"105.581"
"2025","5949","92.7",,"92.7"
"2025","5950","92.7",,"92.7"
"2025","5959","92.964",,"92.964"
"2025","5960","93.378",,"93.378"
"2025","5962","92.964",,"92.964"
"2025","5963","95.406",,"95.406"
"2025","5964","93.378",,"93.378"
"2025","5965","95.82",,"95.82"
"2025","5966","85.06",,"85.06"
"2025","5970","109.803",,"109.803"
"2025","5971","109.389",,"109.389"
"2025","5972","154.238",,"154.238"
"2025","5976","143.378",,"143.378"
"2025","5977","142.964",,"142.964"
"2025","5978","143.378",,"143.378"
"2025","5979","143.378",,"143.378"
"2025","5980","113.962",,"113.962"
"2025","5981","153.059",,"153.059"
"2025","5982","164.77",,"164.77"
"2025","5983","164.356",,"164.356"
"2025","5984","129.344",,"129.344"
"2025","5987","85.149",,"85.149"
"2025","5988","145.149",,"145.149"
"2025","5989","156.252",,"156.252"
"2025","5991","143.173",,"143.173"
"2025","5992","135.499",,"135.499"
"2025","5993","104.462",,"104.462"
"2025","5995","135.616",,"135.616"
"2025","5996","135.202",,"135.202"
"2025","5997","135.616",,"135.616"
"2025","6000","62.015",,"62.015"
"2025","6001","144.377",,"144.377"
"2025","6002","144.377",,"144.377"
"2025","6005","88.291",,"88.291"
"2025","6006","86.849",,"86.849"
"2025","6007","99.291",,"99.291"
"2025","6008","95.291",,"95.291"
"2025","6009","88.291",,"88.291"
"2025","6010","96.291",,"96.291"
"2025","6011","93.849",,"93.849"
"2025","6012","99.291",,"99.291"
"2025","6013","96.849",,"96.849"
"2025","6014","86.849",,"86.849"
"2025","6015","106.291",,"106.291"
"2025","6017","108.746",,"108.746"
"2025","6018","106.445",,"106.445"
"2025","6019","99.445",,"99.445"
"2025","6020","99.445",,"99.445"
"2025","6021","85.616",,"85.616"
"2025","6022","176.628",,"176.628"
"2025","6023","117.257",,"117.257"
"2025","6024","117.257",,"117.257"
"2025","6026","94.026",,"94.026"
"2025","6027","94.375",,"94.375"
"2025","6028","89.657",,"89.657"
"2025","6029","89.657",,"89.657"
"2025","6030","157.303",,"157.303"
"2025","6031","157.303",,"157.303"
"2025","6034","142.263",,"142.263"
"2025","6037","62.128",,"62.128"
"2025","6038","62.542",,"62.542"
"2025","6039","60.1",,"60.1"
"2025","6040","71.705",,"71.705"
"2025","6041","106.987",,"106.987"
"2025","6042","106.987",,"106.987"
"2025","6043","106.987",,"106.987"
"2025","6044","106.987",,"106.987"
"2025","6045","101.632",,"101.632"
"2025","6046","104.074",,"104.074"
"2025","6048","109.284",,"109.284"
"2025","6049","105.69",,"105.69"
"2025","6053","101.803",,"101.803"
"2025","6054","106.23",,"106.23"
"2025","6055","106.23",,"106.23"
"2025","6059","154.258",,"154.258"
"2025","6060","154.258",,"154.258"
"2025","6061","154.258",,"154.258"
"2025","6062","154.258",,"154.258"
"2025","6063","149.831",,"149.831"
"2025","6064","154.258",,"154.258"
"2025","6065","149.831",,"149.831"
"2025","6066","154.258",,"154.258"
"2025","6067","104.574",,"104.574"
"2025","6068","113.822",,"113.822"
"2025","6069","118.249",,"118.249"
"2025","6070","118.249",,"118.249"
"2025","6071","143.249",,"143.249"
"2025","6072","143.249",,"143.249"
"2025","6073","138.822",,"138.822"
"2025","6074","143.249",,"143.249"
"2025","6075","143.249",,"143.249"
"2025","6076","168.249",,"168.249"
"2025","6077","163.822",,"163.822"
"2025","6078","118.249",,"118.249"
"2025","6079","100.147",,"100.147"
"2025","6081","173.725",,"173.725"
"2025","6083","209.267",,"209.267"
"2025","6087","170.586",,"170.586"
"2025","6088","69.834",,"69.834"
"2025","6089","158.311",,"158.311"
"2025","6090","229.374",,"229.374"
"2025","6092","149.831",,"149.831"
"2025","6093","149.831",,"149.831"
"2025","6094","177.25",,"177.25"
"2025","6095","154.238",,"154.238"
"2025","6098","305.847",,"305.847"
"2025","6099","305.847",,"305.847"
"2025","6100","305.433",,"305.433"
"2025","6101","305.433",,"305.433"
"2025","6102","138.881",,"138.881"
"2025","6103","144.001",,"144.001"
"2025","6104","144.001",,"144.001"
"2025","6105","144.468",,"144.468"
"2025","6106","144.468",,"144.468"
"2025","6108","121.265",,"121.265"
"2025","6109","155.22",,"155.22"
"2025","6110","120.949",,"120.949"
"2025","6111","120.949",,"120.949"
"2025","6112","120.949",,"120.949"
"2025","6113","144.735",,"144.735"
"2025","6115","98.223",,"98.223"
"2025","6118","94.44",,"94.44"
"2025","6119","143.931",,"143.931"
"2025","6120","200.281",,"200.281"
"2025","6121","194.976",,"194.976"
"2025","6129","99.831",,"99.831"
"2025","6130","154.258",,"154.258"
"2025","6132","100.147",,"100.147"
"2025","6133","164.842",,"164.842"
"2025","6134","169.269",,"169.269"
"2025","6139","129.727",,"129.727"
"2025","6140","128.727",,"128.727"
"2025","6142","113.118",,"113.118"
"2025","6143","174.568",,"174.568"
"2025","6147","150.147",,"150.147"
"2025","6153","127.786",,"127.786"
"2025","6154","221.364",,"221.364"
"2025","6155","154.574",,"154.574"
"2025","6156","150.147",,"150.147"
"2025","6158","221.048",,"221.048"
"2025","6159","149.831",,"149.831"
"2025","6160","158.691",,"158.691"
"2025","6161","154.258",,"154.258"
"2025","6162","154.574",,"154.574"
"2025","6163","154.574",,"154.574"
"2025","6164","154.258",,"154.258"
"2025","6165","150.147",,"150.147"
"2025","6167","64.059",,"64.059"
"2025","6168","143.89",,"143.89"
"2025","6169","148.317",,"148.317"
"2025","6170","148.317",,"148.317"
"2025","6171","143.89",,"143.89"
"2025","6172","148.317",,"148.317"
"2025","6173","148.317",,"148.317"
"2025","6174","139.625",,"139.625"
"2025","6175","144.052",,"144.052"
"2025","6176","144.052",,"144.052"
"2025","6177","139.866",,"139.866"
"2025","6178","144.293",,"144.293"
"2025","6179","144.293",,"144.293"
"2025","6180","103.364",,"103.364"
"2025","6181","153.055",,"153.055"
"2025","6182","119.303",,"119.303"
"2025","6183","58.848",,"58.848"
"2025","6184","175.57",,"175.57"
"2025","6185","175.254",,"175.254"
"2025","6186","174.602",,"174.602"
"2025","6187","174.602",,"174.602"
"2025","6190","181.186",,"181.186"
"2025","6191","138.804",,"138.804"
"2025","6192","134.474",,"134.474"
"2025","6193","130.327",,"130.327"
"2025","6194","139.262",,"139.262"
"2025","6195","161.106",,"161.106"
"2025","6196","165.533",,"165.533"
"2025","6197","99.241",,"99.241"
"2025","6198","99.241",,"99.241"
"2025","6199","75.061",,"75.061"
"2025","6201","97.222",,"97.222"
"2025","6202","101.803",,"101.803"
"2025","6203","101.803",,"101.803"
"2025","6204","165.914",,"165.914"
"2025","6205","168.696",,"168.696"
"2025","6206","77.814",,"77.814"
"2025","6207","77.814",,"77.814"
"2025","6208","74.585",,"74.585"
"2025","6209","74.585",,"74.585"
"2025","6210","177.971",,"177.971"
"2025","6211","154.518",,"154.518"
"2025","6212","96.298",,"96.298"
"2025","6213","96.712",,"96.712"
"2025","6214","74.55",,"74.55"
"2025","6215","177.25",,"177.25"
"2025","6216","164.993",,"164.993"
"2025","6217","73.594",,"73.594"
"2025","6218","74.55",,"74.55"
"2025","6219","141.103",,"141.103"
"2025","6220","147.657",,"147.657"
"2025","6221","144.296",,"144.296"
"2025","6222","144.296",,"144.296"
"2025","6223","143.23",,"143.23"
"2025","6224","94.982",,"94.982"
"2025","6225","92.166",,"92.166"
"2025","6226","94.982",,"94.982"
"2025","6227","95.781",,"95.781"
"2025","6228","167.228",,"167.228"
"2025","6229","170.273",,"170.273"
"2025","6230","150.147",,"150.147"
"2025","6231","154.574",,"154.574"
"2025","6232","141.016",,"141.016"
"2025","6233","154.258",,"154.258"
"2025","6234","154.258",,"154.258"
"2025","6235","150.147",,"150.147"
"2025","6236","204.258",,"204.258"
"2025","6237","204.258",,"204.258"
"2025","6238","87.081",,"87.081"
"2025","6239","154.518",,"154.518"
"2025","6241","109.803",,"109.803"
"2025","6242","107.361",,"107.361"
"2025","6245","110.803",,"110.803"
"2025","6246","108.341",,"108.341"
"2025","6247","107.927",,"107.927"
"2025","6248","107.947",,"107.947"
"2025","6249","108.361",,"108.361"
"2025","6250","110.389",,"110.389"
"2025","6251","106.947",,"106.947"
"2025","6252","109.389",,"109.389"
"2025","6253","94.97",,"94.97"
"2025","6254","105.71",,"105.71"
"2025","6255","105.71",,"105.71"
"2025","6256","155.453",,"155.453"
"2025","6257","159.047",,"159.047"
"2025","6258","143.931",,"143.931"
"2025","6259","80.3",,"80.3"
"2025","6260","211.216",,"211.216"
"2025","6261","99.831",,"99.831"
"2025","6262","110.28",,"110.28"
"2025","6263","128.727",,"128.727"
"2025","6264","119.303",,"119.303"
"2025","6265","58.848",,"58.848"
"2025","6266","141.016",,"141.016"
"2025","6267","105.69",,"105.69"
"2025","6269","79.3",,"79.3"
"2025","6270","83.727",,"83.727"
"2025","6271","83.727",,"83.727"
"2025","6273","80.616",,"80.616"
"2025","6274","80.616",,"80.616"
"2025","6275","85.043",,"85.043"
"2025","6277","118.249",,"118.249"
"2025","6279","113.822",,"113.822"
"2025","6281","118.249",,"118.249"
"2025","6282","113.822",,"113.822"
"2025","6283","173.815",,"173.815"
"2025","6284","177.721",,"177.721"
"2025","6285","154.681",,"154.681"
"2025","6287","177.11",,"177.11"
"2025","6288","161.797",,"161.797"
"2025","6289","211.488",,"211.488"
"2025","6290","97.44",,"97.44"
"2025","6291","144.296",,"144.296"
"2025","6292","144.296",,"144.296"
"2025","6293","155.149",,"155.149"
"2025","6294","85.149",,"85.149"
"2025","6295","85.149",,"85.149"
"2025","6296","85.149",,"85.149"
"2025","6297","85.149",,"85.149"
"2025","6298","85.149",,"85.149"
"2025","6299","85.149",,"85.149"
"2025","6300","85.149",,"85.149"
"2025","6301","191.489",,"191.489"
"2025","6304","195.083",,"195.083"
"2025","6305","128.092",,"128.092"
"2025","6307","117.933",,"117.933"
"2025","6311","154.258",,"154.258"
"2025","6313","48.221",,"48.221"
"2025","6314","33.751",,"33.751"
"2025","6315","47.807",,"47.807"
"2025","6316","33.337",,"33.337"
"2025","6317","46.514",,"46.514"
"2025","6318","46.928",,"46.928"
"2025","6319","164.993",,"164.993"
"2025","6320","85.043",,"85.043"
"2025","6321","85.043",,"85.043"
"2025","6322","202.867",,"202.867"
"2025","6323","150.321",,"150.321"
"2025","6324","80.365",,"80.365"
"2025","6325","160.693",,"160.693"
"2025","6326","160.693",,"160.693"
"2025","6327","160.693",,"160.693"
"2025","6328","94.982",,"94.982"
"2025","6329","94.982",,"94.982"
"2025","6330","96.799",,"96.799"
"2025","6331","167.918",,"167.918"
"2025","6332","122.574",,"122.574"
"2025","6333","100.081",,"100.081"
"2025","6334","167.918",,"167.918"
"2025","6335","118.249",,"118.249"
"2025","6336","113.822",,"113.822"
"2025","6337","107.296",,"107.296"
"2025","6338","92.166",,"92.166"
"2025","6339","151.067",,"151.067"
"2025","6340","151.481",,"151.481"
"2025","6341","107.303",,"107.303"
"2025","6342","54.493",,"54.493"
"2025","6343","155.075",,"155.075"
"2025","6344","154.661",,"154.661"
"2025","6346","146.767",,"146.767"
"2025","6348","96.799",,"96.799"
"2025","6349","63.587",,"63.587"
"2025","6350","63.173",,"63.173"
"2025","6351","134.91",,"134.91"
"2025","6353","122.296",,"122.296"
"2025","6354","82.292",,"82.292"
"2025","6355","77.632",,"77.632"
"2025","6356","87.717",,"87.717"
"2025","6357","122.296",,"122.296"
"2025","6358","141.101",,"141.101"
"2025","6359","141.101",,"141.101"
"2025","6360","76.047",,"76.047"
"2025","6361","96.715",,"96.715"
"2025","6362","89.715",,"89.715"
"2025","6363","89.715",,"89.715"
"2025","6364","145.659",,"145.659"
"2025","6365","77.814",,"77.814"
"2025","6366","84.814",,"84.814"
"2025","6367","152.132",,"152.132"
"2025","6368","73.605",,"73.605"
"2025","6369","73.605",,"73.605"
"2025","6370","96.715",,"96.715"
"2025","6371","145.631",,"145.631"
"2025","6372","61.352",,"61.352"
"2025","6373","126.073",,"126.073"
"2025","6374","119.073",,"119.073"
"2025","6375","119.073",,"119.073"
"2025","6376","145.631",,"145.631"
"2025","6377","138.631",,"138.631"
"2025","6379","120.949",,"120.949"
"2025","6380","120.949",,"120.949"
"2025","6381","153.453",,"153.453"
"2025","6382","157.88",,"157.88"
"2025","6383","140.337",,"140.337"
"2025","6384","107.303",,"107.303"
"2025","6385","107.303",,"107.303"
"2025","6386","107.303",,"107.303"
"2025","6387","80.616",,"80.616"
"2025","6388","80.616",,"80.616"
"2025","6389","79.3",,"79.3"
"2025","6390","176.628",,"176.628"
"2025","6391","138.881",,"138.881"
"2025","6392","160.999",,"160.999"
"2025","6393","146.767",,"146.767"
"2025","6394","150.321",,"150.321"
"2025","6395","148.585",,"148.585"
"2025","6396","101.746",,"101.746"
"2025","6398","77.814",,"77.814"
"2025","6400","127.786",,"127.786"
"2025","6401","150.147",,"150.147"
"2025","6402","78.645",,"78.645"
"2025","6405","141.93",,"141.93"
"2025","6406","54.352",,"54.352"
"2025","6407","145.558",,"145.558"
"2025","6408","117.132",,"117.132"
"2025","6409","143.433",,"143.433"
"2025","6410","168.265",,"168.265"
"2025","6411","142.397",,"142.397"
"2025","6412","143.433",,"143.433"
"2025","6413","171.859",,"171.859"
"2025","6414","145.972",,"145.972"
"2025","6415","172.273",,"172.273"
"2025","6417","171.859",,"171.859"
"2025","6418","76.047",,"76.047"
"2025","6419","142.397",,"142.397"
"2025","6420","170.186",,"170.186"
"2025","6421","129.548",,"129.548"
"2025","6422","96.947",,"96.947"
"2025","6423","69.834",,"69.834"
"2025","6429","139.093",,"139.093"
"2025","6431","148.117",,"148.117"
"2025","6432","148.117",,"148.117"
"2025","6433","94.97",,"94.97"
"2025","6434","105.546",,"105.546"
"2025","6435","147.196",,"147.196"
"2025","6436","150.79",,"150.79"
"2025","6437","150.79",,"150.79"
"2025","6438","148.62",,"148.62"
"2025","6439","104.858",,"104.858"
"2025","6440","111.073",,"111.073"
"2025","6441","104.98",,"104.98"
"2025","6442","108.574",,"108.574"
"2025","6443","108.574",,"108.574"
"2025","6444","101.063",,"101.063"
"2025","6445","133.026",,"133.026"
"2025","6446","77.395",,"77.395"
"2025","6447","87.081",,"87.081"
"2025","6448","85.149",,"85.149"
"2025","6449","85.149",,"85.149"
"2025","6450","85.149",,"85.149"
"2025","6451","85.149",,"85.149"
"2025","6452","85.149",,"85.149"
"2025","6453","74.067",,"74.067"
"2025","6454","124.241",,"124.241"
"2025","6455","124.241",,"124.241"
"2025","6456","166.948",,"166.948"
"2025","6457","94.97",,"94.97"
"2025","6458","139.578",,"139.578"
"2025","6459","94.97",,"94.97"
"2025","6460","94.97",,"94.97"
"2025","6461","137.933",,"137.933"
"2025","6462","94.97",,"94.97"
"2025","6463","94.97",,"94.97"
"2025","6464","94.97",,"94.97"
"2025","6465","104.361",,"104.361"
"2025","6466","107.955",,"107.955"
"2025","6467","107.955",,"107.955"
"2025","6468","93.983",,"93.983"
"2025","6469","96.799",,"96.799"
"2025","6470","93.983",,"93.983"
"2025","6471","93.983",,"93.983"
"2025","6472","161.422",,"161.422"
"2025","6473","165.849",,"165.849"
"2025","6474","60.111",,"60.111"
"2025","6475","94.97",,"94.97"
"2025","6476","154.753",,"154.753"
"2025","6477","154.753",,"154.753"
"2025","6478","150.326",,"150.326"
"2025","6479","77.352",,"77.352"
"2025","6480","65.982",,"65.982"
"2025","6481","98.241",,"98.241"
"2025","6482","102.668",,"102.668"
"2025","6483","151.818",,"151.818"
"2025","6484","163.684",,"163.684"
"2025","6485","163.27",,"163.27"
"2025","6486","177.971",,"177.971"
"2025","6487","148.224",,"148.224"
"2025","6488","106.652",,"106.652"
"2025","6489","194.888",,"194.888"
"2025","6490","134.888",,"134.888"
"2025","6491","135.034",,"135.034"
"2025","6492","134.462",,"134.462"
"2025","6493","134.578",,"134.578"
"2025","6494","134.91",,"134.91"
"2025","6495","148.117",,"148.117"
"2025","6496","94.97",,"94.97"
"2025","6497","94.97",,"94.97"
"2025","6498","140.329",,"140.329"
"2025","6499","121.12",,"121.12"
"2025","6500","147.303",,"147.303"
"2025","6501","136.337",,"136.337"
"2025","6502","176.766",,"176.766"
"2025","6503","176.766",,"176.766"
"2025","6504","147.303",,"147.303"
"2025","6505","147.303",,"147.303"
"2025","6506","76.352",,"76.352"
"2025","6507","76.352",,"76.352"
"2025","6508","61.047",,"61.047"
"2025","6509","107.303",,"107.303"
"2025","6510","265.225",,"265.225"
"2025","6511","116.286",,"116.286"
"2025","6512","179.738",,"179.738"
"2025","6513","102.95",,"102.95"
"2025","6514","143.173",,"143.173"
"2025","6515","144.991",,"144.991"
"2025","6516","150.326",,"150.326"
"2025","6517","153.569",,"153.569"
"2025","6518","81.996",,"81.996"
"2025","6519","133.026",,"133.026"
"2025","6520","133.026",,"133.026"
"2025","6521","147.303",,"147.303"
"2025","6522","133.026",,"133.026"
"2025","6523","104.657",,"104.657"
"2025","6524","146.359",,"146.359"
"2025","6525","139.093",,"139.093"
"2025","6526","134.474",,"134.474"
"2025","6527","138.883",,"138.883"
"2025","6528","104.824",,"104.824"
"2025","6529","160.279",,"160.279"
"2025","6530","150.197",,"150.197"
"2025","6531","162.933",,"162.933"
"2025","6532","95.045",,"95.045"
"2025","6533","143.85",,"143.85"
"2025","6534","131.82",,"131.82"
"2025","6535","154.574",,"154.574"
"2025","6536","108.056",,"108.056"
"2025","6537","148.969",,"148.969"
"2025","6538","104.361",,"104.361"
"2025","6539","104.361",,"104.361"
"2025","6540","60.814",,"60.814"
"2025","6541","154.518",,"154.518"
"2025","6542","146.767",,"146.767"
"2025","6543","98.564",,"98.564"
"2025","6544","109.304",,"109.304"
"2025","6545","109.304",,"109.304"
"2025","6546","199.057",,"199.057"
"2025","6547","198.643",,"198.643"
"2025","6548","133.602",,"133.602"
"2025","6549","195.239",,"195.239"
"2025","6550","99.831",,"99.831"
"2025","6551","133.602",,"133.602"
"2025","6552","140.602",,"140.602"
"2025","6553","169.269",,"169.269"
"2025","6554","161.986",,"161.986"
"2025","6555","166.413",,"166.413"
"2025","6556","166.413",,"166.413"
"2025","6557","101.803",,"101.803"
"2025","6558","101.803",,"101.803"
"2025","6559","106.23",,"106.23"
"2025","6560","106.23",,"106.23"
"2025","6561","143.616",,"143.616"
"2025","6562","76.047",,"76.047"
"2025","6563","182.481",,"182.481"
"2025","6564","182.481",,"182.481"
"2025","6565","182.481",,"182.481"
"2025","6566","182.481",,"182.481"
"2025","6567","182.48",,"182.48"
"2025","6568","123.407",,"123.407"
"2025","6569","123.407",,"123.407"
"2025","6570","133.324",,"133.324"
"2025","6571","135.53",,"135.53"
"2025","6572","163.349",,"163.349"
"2025","6573","163.349",,"163.349"
"2025","6574","138.29",,"138.29"
"2025","6575","105.028",,"105.028"
"2025","6576","133.465",,"133.465"
"2025","6577","136.594",,"136.594"
"2025","6578","136.594",,"136.594"
"2025","6579","136.278",,"136.278"
"2025","6580","147.036",,"147.036"
"2025","6581","136.292",,"136.292"
"2025","6582","132.952",,"132.952"
"2025","6583","132.933",,"132.933"
"2025","6584","177.863",,"177.863"
"2025","6585","177.541",,"177.541"
"2025","6586","162.744",,"162.744"
"2025","6587","171.528",,"171.528"
"2025","6588","170.603",,"170.603"
"2025","6589","161.819",,"161.819"
"2025","6590","161.405",,"161.405"
"2025","6591","162.739",,"162.739"
"2025","6592","171.523",,"171.523"
"2025","6593","171.845",,"171.845"
"2025","6594","199.496",,"199.496"
"2025","6595","139.496",,"139.496"
"2025","6596","139.496",,"139.496"
"2025","6597","134.371",,"134.371"
"2025","6598","135.349",,"135.349"
"2025","6599","129.383",,"129.383"
"2025","6600","143.265",,"143.265"
"2025","6601","142.362",,"142.362"
"2025","6602","128.48",,"128.48"
"2025","6603","104.574",,"104.574"
"2025","6604","104.574",,"104.574"
"2025","6605","122.296",,"122.296"
"2025","6606","91.854",,"91.854"
"2025","6607","91.854",,"91.854"
"2025","6608","91.854",,"91.854"
"2025","6609","91.854",,"91.854"
"2025","6610","91.854",,"91.854"
"2025","6611","91.854",,"91.854"
"2025","6612","91.854",,"91.854"
"2025","6613","91.854",,"91.854"
"2025","6614","91.854",,"91.854"
"2025","6615","91.854",,"91.854"
"2025","6616","189.739",,"189.739"
"2025","6617","189.739",,"189.739"
"2025","6618","145.202",,"145.202"
"2025","6619","94.026",,"94.026"
"2025","6620","94.026",,"94.026"
"2025","6621","94.026",,"94.026"
"2025","6622","94.026",,"94.026"
"2025","6623","94.44",,"94.44"
"2025","6624","137.039",,"137.039"
"2025","6625","111.987",,"111.987"
"2025","6626","135.149",,"135.149"
"2025","6627","173.818",,"173.818"
"2025","6628","104.824",,"104.824"
"2025","6629","143.644",,"143.644"
"2025","6630","148.071",,"148.071"
"2025","6631","181.277",,"181.277"
"2025","6632","181.277",,"181.277"
"2025","6633","181.277",,"181.277"
"2025","6634","109.14",,"109.14"
"2025","6635","109.14",,"109.14"
"2025","6636","94.97",,"94.97"
"2025","6637","105.69",,"105.69"
"2025","6638","134.326",,"134.326"
"2025","6639","101.803",,"101.803"
"2025","6640","106.23",,"106.23"
"2025","6641","106.23",,"106.23"
"2025","6642","99.241",,"99.241"
"2025","6643","99.241",,"99.241"
"2025","6644","99.241",,"99.241"
"2025","6645","179.881",,"179.881"
"2025","6646","61.145",,"61.145"
"2025","6647","98.564",,"98.564"
"2025","6648","143.172",,"143.172"
"2025","6649","98.564",,"98.564"
"2025","6650","98.564",,"98.564"
"2025","6651","141.527",,"141.527"
"2025","6652","98.564",,"98.564"
"2025","6653","98.564",,"98.564"
"2025","6654","98.564",,"98.564"
"2025","6655","108.452",,"108.452"
"2025","6656","114.667",,"114.667"
"2025","6657","151.711",,"151.711"
"2025","6658","112.303",,"112.303"
"2025","6659","182.48",,"182.48"
"2025","6660","112.601",,"112.601"
"2025","6661","108.361",,"108.361"
"2025","6662","110.389",,"110.389"
"2025","6663","112.126",,"112.126"
"2025","6664","111.712",,"111.712"
"2025","6665","154.518",,"154.518"
"2025","6666","49.629",,"49.629"
"2025","6667","166.413",,"166.413"
"2025","6668","161.986",,"161.986"
"2025","6669","166.413",,"166.413"
"2025","6670","230.858",,"230.858"
"2025","6671","222.807",,"222.807"
"2025","6672","169.269",,"169.269"
"2025","6673","169.269",,"169.269"
"2025","6674","169.269",,"169.269"
"2025","6675","169.269",,"169.269"
"2025","6676","169.269",,"169.269"
"2025","6677","169.269",,"169.269"
"2025","6678","164.842",,"164.842"
"2025","6679","176.766",,"176.766"
"2025","6680","176.766",,"176.766"
"2025","6681","147.303",,"147.303"
"2025","6682","147.303",,"147.303"
"2025","6683","147.303",,"147.303"
"2025","6684","165.244",,"165.244"
"2025","6685","155.341",,"155.341"
"2025","6686","155.341",,"155.341"
"2025","6687","159.768",,"159.768"
"2025","6688","159.768",,"159.768"
"2025","6689","159.768",,"159.768"
"2025","6690","155.341",,"155.341"
"2025","6691","74.272",,"74.272"
"2025","6692","144.987",,"144.987"
"2025","6693","144.455",,"144.455"
"2025","6694","147.814",,"147.814"
"2025","6695","188.627",,"188.627"
"2025","6696","148.116",,"148.116"
"2025","6697","148.116",,"148.116"
"2025","6698","144.474",,"144.474"
"2025","6699","119.955",,"119.955"
"2025","6700","119.955",,"119.955"
"2025","6701","119.541",,"119.541"
"2025","6702","213.378",,"213.378"
"2025","6703","153.378",,"153.378"
"2025","6704","153.378",,"153.378"
"2025","6705","148.253",,"148.253"
"2025","6706","149.231",,"149.231"
"2025","6707","133.44",,"133.44"
"2025","6709","103.258",,"103.258"
"2025","6710","160.279",,"160.279"
"2025","6711","134.62",,"134.62"
"2025","6712","141.289",,"141.289"
"2025","6713","170.146",,"170.146"
"2025","6714","171.321",,"171.321"
"2025","6715","171.321",,"171.321"
"2025","6716","108.885",,"108.885"
"2025","6717","101.487",,"101.487"
"2025","6718","101.487",,"101.487"
"2025","6719","117.933",,"117.933"
"2025","6720","107.795",,"107.795"
"2025","6721","113.822",,"113.822"
"2025","6722","46.438",,"46.438"
"2025","6723","106.46",,"106.46"
"2025","6724","101.487",,"101.487"
"2025","6725","70.375",,"70.375"
"2025","6726","70.375",,"70.375"
"2025","6727","166.248",,"166.248"
"2025","6728","106.23",,"106.23"
"2025","6729","166.248",,"166.248"
"2025","6730","113.506",,"113.506"
"2025","6731","87.157",,"87.157"
"2025","6732","102.589",,"102.589"
"2025","6733","92.465",,"92.465"
"2025","6734","106.291",,"106.291"
"2025","6735","105.69",,"105.69"
"2025","6736","101.803",,"101.803"
"2025","6737","113.822",,"113.822"
"2025","6738","138.822",,"138.822"
"2025","6739","120.949",,"120.949"
"2025","6740","98.223",,"98.223"
"2025","6741","164.842",,"164.842"
"2025","6742","143.89",,"143.89"
"2025","6743","139.625",,"139.625"
"2025","6744","139.866",,"139.866"
"2025","6745","76.047",,"76.047"
"2025","6746","145.659",,"145.659"
"2025","6747","77.814",,"77.814"
"2025","6748","84.814",,"84.814"
"2025","6749","157.88",,"157.88"
"2025","6750","101.063",,"101.063"
"2025","6751","104.361",,"104.361"
"2025","6752","162.933",,"162.933"
"2025","6753","173.818",,"173.818"
"2025","6754","147.303",,"147.303"
"2025","6755","104.98",,"104.98"
"2025","6757","65.982",,"65.982"
"2025","6758","109.14",,"109.14"
"2025","6759","160.92",,"160.92"
"2025","6760","160.92",,"160.92"
"2025","6761","98.564",,"98.564"
"2025","6762","109.304",,"109.304"
"2025","6763","109.304",,"109.304"
"2025","6764","159.047",,"159.047"
"2025","6765","105.71",,"105.71"
"2025","6766","155.453",,"155.453"
"2025","6767","169.182",,"169.182"
"2025","6768","169.499",,"169.499"
"2025","6769","155.428",,"155.428"
"2025","6770","251.263",,"251.263"
"2025","6771","251.263",,"251.263"
"2025","6772","106.987",,"106.987"
"2025","6773","126.284",,"126.284"
"2025","6774","126.284",,"126.284"
"2025","6775","174.818",,"174.818"
"2025","6776","140.337",,"140.337"
"2025","6777","140.337",,"140.337"
"2025","6778","140.337",,"140.337"
"2025","6779","140.337",,"140.337"
"2025","6780","175.57",,"175.57"
"2025","6781","152.563",,"152.563"
"2025","6782","107.955",,"107.955"
"2025","6783","107.955",,"107.955"
"2025","6784","104.657",,"104.657"
"2025","6785","151.818",,"151.818"
"2025","6786","98.564",,"98.564"
"2025","6787","109.284",,"109.284"
"2025","6788","152.214",,"152.214"
"2025","6789","98.564",,"98.564"
"2025","6790","95.448",,"95.448"
"2025","6791","95.448",,"95.448"
"2025","6792","95.448",,"95.448"
"2025","6793","95.448",,"95.448"
"2025","6794","95.448",,"95.448"
"2025","6795","95.448",,"95.448"
"2025","6796","95.448",,"95.448"
"2025","6797","95.448",,"95.448"
"2025","6798","95.448",,"95.448"
"2025","6799","95.448",,"95.448"
"2025","6800","164.525",,"164.525"
"2025","6801","164.525",,"164.525"
"2025","6802","228.969",,"228.969"
"2025","6803","164.525",,"164.525"
"2025","6804","164.525",,"164.525"
"2025","6805","164.525",,"164.525"
"2025","6806","164.525",,"164.525"
"2025","6807","165.931",,"165.931"
"2025","6808","95.781",,"95.781"
"2025","6809","95.781",,"95.781"
"2025","6810","95.781",,"95.781"
"2025","6811","62.553",,"62.553"
"2025","6812","106.46",,"106.46"
"2025","6813","94.97",,"94.97"
"2025","6814","100.081",,"100.081"
"2025","6815","100.081",,"100.081"
"2025","6816","100.081",,"100.081"
"2025","6817","144.013",,"144.013"
"2025","6818","143.342",,"143.342"
"2025","6819","110.887",,"110.887"
"2025","6820","110.887",,"110.887"
"2025","6821","228.792",,"228.792"
"2025","6822","233.219",,"233.219"
"2025","6823","205.822",,"205.822"
"2025","6824","210.249",,"210.249"
"2025","6825","210.249",,"210.249"
"2025","6826","82.618",,"82.618"
"2025","6827","87.549",,"87.549"
"2025","6828","91.756",,"91.756"
"2025","6829","74.708",,"74.708"
"2025","6830","193.378",,"193.378"
"2025","6831","406.761",,"406.761"
"2025","6832","107.303",,"107.303"
"2025","6833","107.303",,"107.303"
"2025","6834","107.303",,"107.303"
"2025","6835","103.987",,"103.987"
"2025","6836","103.987",,"103.987"
"2025","6837","150.79",,"150.79"
"2025","6838","109.14",,"109.14"
"2025","6839","152.214",,"152.214"
"2025","6840","94.97",,"94.97"
"2025","6841","151.711",,"151.711"
"2025","6842","142.928",,"142.928"
"2025","6843","151.711",,"151.711"
"2025","6844","153.453",,"153.453"
"2025","6845","152.645",,"152.645"
"2025","6846","134.164",,"134.164"
"2025","6847","62.257",,"62.257"
"2025","6848","62.257",,"62.257"
"2025","6849","62.257",,"62.257"
"2025","6850","62.257",,"62.257"
"2025","6851","107.303",,"107.303"
"2025","6852","59.697",,"59.697"
"2025","6853","189.325",,"189.325"
"2025","6854","152.563",,"152.563"
"2025","6855","108.056",,"108.056"
"2025","6856","136.349",,"136.349"
"2025","6857","77.866",,"77.866"
"2025","6858","178.792",,"178.792"
"2025","6859","183.219",,"183.219"
"2025","6860","155.822",,"155.822"
"2025","6861","160.249",,"160.249"
"2025","6862","160.249",,"160.249"
"2025","6863","164.841",,"164.841"
"2025","6864","164.841",,"164.841"
"2025","6865","229.285",,"229.285"
"2025","6866","164.841",,"164.841"
"2025","6867","164.841",,"164.841"
"2025","6868","164.841",,"164.841"
"2025","6869","166.247",,"166.247"
"2025","6870","89.661",,"89.661"
"2025","6871","89.661",,"89.661"
"2025","6872","169.268",,"169.268"
"2025","6873","169.268",,"169.268"
"2025","6874","233.712",,"233.712"
"2025","6875","169.268",,"169.268"
"2025","6876","169.268",,"169.268"
"2025","6877","169.268",,"169.268"
"2025","6878","170.674",,"170.674"
"2025","6879","113.434",,"113.434"
"2025","6880","90.814",,"90.814"
"2025","6881","106.513",,"106.513"
"2025","6882","106.513",,"106.513"
"2025","6883","107.296",,"107.296"
"2025","6884","107.296",,"107.296"
"2025","6885","157.635",,"157.635"
"2025","6886","161.036",,"161.036"
"2025","6887","157.705",,"157.705"
"2025","6888","127.296",,"127.296"
"2025","6889","106.513",,"106.513"
"2025","6890","106.513",,"106.513"
"2025","6891","169.447",,"169.447"
"2025","6892","113.822",,"113.822"
"2025","6893","113.822",,"113.822"
"2025","6894","79.496",,"79.496"
"2025","6895","81.938",,"81.938"
"2025","6896","108.564",,"108.564"
"2025","6897","108.564",,"108.564"
"2025","6898","108.564",,"108.564"
"2025","6899","108.564",,"108.564"
"2025","6900","104.97",,"104.97"
"2025","6901","107.296",,"107.296"
"2025","6902","106.296",,"106.296"
"2025","6903","107.296",,"107.296"
"2025","6904","107.296",,"107.296"
"2025","6905","106.296",,"106.296"
"2025","6906","107.296",,"107.296"
"2025","6907","156.241",,"156.241"
"2025","6908","220.792",,"220.792"
"2025","6909","220.792",,"220.792"
"2025","6910","210.249",,"210.249"
"2025","6911","220.792",,"220.792"
"2025","6912","197.822",,"197.822"
"2025","6913","197.822",,"197.822"
"2025","6914","197.822",,"197.822"
"2025","6915","232.705",,"232.705"
"2025","6916","114.303",,"114.303"
"2025","6917","143.684",,"143.684"
"2025","6918","143.684",,"143.684"
"2025","6919","143.684",,"143.684"
"2025","6920","143.684",,"143.684"
"2025","6921","143.684",,"143.684"
"2025","6922","143.684",,"143.684"
"2025","6923","118.684",,"118.684"
"2025","6924","143.684",,"143.684"
"2025","6925","99.831",,"99.831"
"2025","6926","104.258",,"104.258"
"2025","6927","81.524",,"81.524"
"2025","6928","169.447",,"169.447"
"2025","6929","106.296",,"106.296"
"2025","6930","225.219",,"225.219"
"2025","6931","202.249",,"202.249"
"2025","6932","202.249",,"202.249"
"2025","6933","202.249",,"202.249"
"2025","6934","202.249",,"202.249"
"2025","6935","202.249",,"202.249"
"2025","6936","202.249",,"202.249"
"2025","6937","225.219",,"225.219"
"2025","6938","137.876",,"137.876"
"2025","6939","150.79",,"150.79"
"2025","6940","100.397",,"100.397"
"2025","6941","100.397",,"100.397"
"2025","6942","100.397",,"100.397"
"2025","6943","140.329",,"140.329"
"2025","6944","139.915",,"139.915"
"2025","6945","140.329",,"140.329"
"2025","6946","160.279",,"160.279"
"2025","6947","121.628",,"121.628"
"2025","6948","84.695",,"84.695"
"2025","6949","84.695",,"84.695"
"2025","6950","107.393",,"107.393"
"2025","6951","107.393",,"107.393"
"2025","6952","205.822",,"205.822"
"2025","6953","205.822",,"205.822"
"2025","6954","210.249",,"210.249"
"2025","6955","205.822",,"205.822"
"2025","6956","210.249",,"210.249"
"2025","6957","170.674",,"170.674"
"2025","6958","79.029",,"79.029"
"2025","6959","78.615",,"78.615"
"2025","6960","79.029",,"79.029"
"2025","6961","78.029",,"78.029"
"2025","6962","84.695",,"84.695"
"2025","6963","220.792",,"220.792"
"2025","6964","225.219",,"225.219"
"2025","6965","225.219",,"225.219"
"2025","6966","220.792",,"220.792"
"2025","6967","225.219",,"225.219"
"2025","6968","225.219",,"225.219"
"2025","6969","220.792",,"220.792"
"2025","6970","225.219",,"225.219"
"2025","6971","225.219",,"225.219"
"2025","6972","178.792",,"178.792"
"2025","6973","183.219",,"183.219"
"2025","6974","183.219",,"183.219"
"2025","6975","143.365",,"143.365"
"2025","6976","76.047",,"76.047"
"2025","6977","143.365",,"143.365"
"2025","6978","141.073",,"141.073"
"2025","6979","92.157",,"92.157"
"2025","6981","138.631",,"138.631"
"2025","6982","73.605",,"73.605"
"2025","6984","76.047",,"76.047"
"2025","6985","141.101",,"141.101"
"2025","6986","141.073",,"141.073"
"2025","6987","92.157",,"92.157"
"2025","6988","79.951",,"79.951"
"2025","6989","76.047",,"76.047"
"2025","6990","76.047",,"76.047"
"2025","6991","76.047",,"76.047"
"2025","6992","145.132",,"145.132"
"2025","6993","80.365",,"80.365"
"2025","6994","107.612",,"107.612"
"2025","6995","346.223",,"346.223"
"2025","6996","157.296",,"157.296"
"2025","6997","156.572",,"156.572"
"2025","6998","194.976",,"194.976"
"2025","6999","173.815",,"173.815"
"2025","7110","1.",,"1."
"2025","7111","1.",,"1."
"2025","7112","1.",,"1."
"2025","7115","1.",,"1."
"2025","7116","1.",,"1."
"2025","7117","1.",,"1."
"2025","9999","18545.78",,"18545.78"
"2025","PPDECPEN","0.",,"0."
"2025","TD1000","0.",,"0."
