" TAXYEAR","AREAID","TOTLEVY","CREDITLEVY","TOTALLEVY"
"2025","0002","120.004",,"120.004"
"2025","0003","119.393",,"119.393"
"2025","0004","54.884",,"54.884"
"2025","0005","94.333",,"94.333"
"2025","0006","100.224",,"100.224"
"2025","0008","117.537",,"117.537"
"2025","0009","117.502",,"117.502"
"2025","0010","99.918",,"99.918"
"2025","0011","99.988",,"99.988"
"2025","0012","103.365",,"103.365"
"2025","0013","58.699",,"58.699"
"2025","0014","98.524",,"98.524"
"2025","0015","97.347",,"97.347"
"2025","0016","122.837",,"122.837"
"2025","0017","83.909",,"83.909"
"2025","0018","156.62",,"156.62"
"2025","0019","109.192",,"109.192"
"2025","0020","62.293",,"62.293"
"2025","0021","98.105",,"98.105"
"2025","0022","102.532",,"102.532"
"2025","0023","98.105",,"98.105"
"2025","0024","102.532",,"102.532"
"2025","0025","98.105",,"98.105"
"2025","0026","102.532",,"102.532"
"2025","0027","98.105",,"98.105"
"2025","0028","56.105",,"56.105"
"2025","0029","98.105",,"98.105"
"2025","0030","102.532",,"102.532"
"2025","0031","102.532",,"102.532"
"2025","0032","98.105",,"98.105"
"2025","0033","102.532",,"102.532"
"2025","0034","102.532",,"102.532"
"2025","0035","98.105",,"98.105"
"2025","0036","102.532",,"102.532"
"2025","0037","102.532",,"102.532"
"2025","0038","96.933",,"96.933"
"2025","0039","31.483",,"31.483"
"2025","0040","31.483",,"31.483"
"2025","0041","111.235",,"111.235"
"2025","0042","111.235",,"111.235"
"2025","0043","60.532",,"60.532"
"2025","0044","124.988",,"124.988"
"2025","0045","120.561",,"120.561"
"2025","0046","124.988",,"124.988"
"2025","0047","102.532",,"102.532"
"2025","0048","100.279",,"100.279"
"2025","0049","100.279",,"100.279"
"2025","0050","100.279",,"100.279"
"2025","0051","100.279",,"100.279"
"2025","0052","46.541",,"46.541"
"2025","0053","47.107",,"47.107"
"2025","0054","47.107",,"47.107"
"2025","0055","47.107",,"47.107"
"2025","0056","47.107",,"47.107"
"2025","0057","43.77",,"43.77"
"2025","0058","36.965",,"36.965"
"2025","0059","136.043",,"136.043"
"2025","0060","49.579",,"49.579"
"2025","0061","49.579",,"49.579"
"2025","0062","49.579",,"49.579"
"2025","0063","49.579",,"49.579"
"2025","0064","50.503",,"50.503"
"2025","0065","50.503",,"50.503"
"2025","0066","47.107",,"47.107"
"2025","0067","40.302",,"40.302"
"2025","0068","47.107",,"47.107"
"2025","0069","47.107",,"47.107"
"2025","0070","46.791",,"46.791"
"2025","0071","46.791",,"46.791"
"2025","0072","42.364",,"42.364"
"2025","0073","47.107",,"47.107"
"2025","0074","42.364",,"42.364"
"2025","0075","42.68",,"42.68"
"2025","0076","47.107",,"47.107"
"2025","0077","47.107",,"47.107"
"2025","0078","47.107",,"47.107"
"2025","0079","47.107",,"47.107"
"2025","0080","44.806",,"44.806"
"2025","0081","36.763",,"36.763"
"2025","0082","47.985",,"47.985"
"2025","0083","47.985",,"47.985"
"2025","0084","47.985",,"47.985"
"2025","0085","47.985",,"47.985"
"2025","0086","47.985",,"47.985"
"2025","0087","35.35",,"35.35"
"2025","0100","31.467",,"31.467"
"2025","0101","33.853",,"33.853"
"2025","0102","32.909",,"32.909"
"2025","0104","33.909",,"33.909"
"2025","0105","31.467",,"31.467"
"2025","0106","33.853",,"33.853"
"2025","0107","42.655",,"42.655"
"2025","0108","33.909",,"33.909"
"2025","0109","38.28",,"38.28"
"2025","0110","35.259",,"35.259"
"2025","0112","35.259",,"35.259"
"2025","0114","44.061",,"44.061"
"2025","0115","42.655",,"42.655"
"2025","0116","44.061",,"44.061"
"2025","0117","33.853",,"33.853"
"2025","0118","35.295",,"35.295"
"2025","0119","37.701",,"37.701"
"2025","0120","36.295",,"36.295"
"2025","0121","36.295",,"36.295"
"2025","0122","32.853",,"32.853"
"2025","0123","32.909",,"32.909"
"2025","0124","35.259",,"35.259"
"2025","0125","37.701",,"37.701"
"2025","0126","31.447",,"31.447"
"2025","0127","32.447",,"32.447"
"2025","0128","32.447",,"32.447"
"2025","0129","33.833",,"33.833"
"2025","0130","34.833",,"34.833"
"2025","0131","34.833",,"34.833"
"2025","0132","44.061",,"44.061"
"2025","0133","31.447",,"31.447"
"2025","0134","47.082",,"47.082"
"2025","0136","33.833",,"33.833"
"2025","0138","34.323",,"34.323"
"2025","0139","31.881",,"31.881"
"2025","0140","34.323",,"34.323"
"2025","0141","31.881",,"31.881"
"2025","0142","32.861",,"32.861"
"2025","0143","36.709",,"36.709"
"2025","0144","34.267",,"34.267"
"2025","0145","36.709",,"36.709"
"2025","0146","34.267",,"34.267"
"2025","0147","38.28",,"38.28"
"2025","0159","90.083",,"90.083"
"2025","0160","54.304",,"54.304"
"2025","0161","87.586",,"87.586"
"2025","0163","54.718",,"54.718"
"2025","0165","57.16",,"57.16"
"2025","0166","57.16",,"57.16"
"2025","0167","56.746",,"56.746"
"2025","0168","55.284",,"55.284"
"2025","0169","56.746",,"56.746"
"2025","0170","62.439",,"62.439"
"2025","0171","87.586",,"87.586"
"2025","0172","130.146",,"130.146"
"2025","0174","62.439",,"62.439"
"2025","0175","63.419",,"63.419"
"2025","0176","64.881",,"64.881"
"2025","0177","64.881",,"64.881"
"2025","0178","89.635",,"89.635"
"2025","0179","52.426",,"52.426"
"2025","0180","49.194",,"49.194"
"2025","0181","107.672",,"107.672"
"2025","0182","49.194",,"49.194"
"2025","0199","32.861",,"32.861"
"2025","0247","107.001",,"107.001"
"2025","0248","52.632",,"52.632"
"2025","0252","52.632",,"52.632"
"2025","0253","51.057",,"51.057"
"2025","0254","46.628",,"46.628"
"2025","0255","43.584",,"43.584"
"2025","0256","39.414",,"39.414"
"2025","0257","43.17",,"43.17"
"2025","0258","43.584",,"43.584"
"2025","0301","35.65",,"35.65"
"2025","0302","35.783",,"35.783"
"2025","0303","59.708",,"59.708"
"2025","0305","39.992",,"39.992"
"2025","0307","71.335",,"71.335"
"2025","0310","27.755",,"27.755"
"2025","0311","34.67",,"34.67"
"2025","0312","36.763",,"36.763"
"2025","0313","37.55",,"37.55"
"2025","0315","35.803",,"35.803"
"2025","0316","36.728",,"36.728"
"2025","0317","37.708",,"37.708"
"2025","0318","46.435",,"46.435"
"2025","0319","38.53",,"38.53"
"2025","0320","26.293",,"26.293"
"2025","0321","43.797",,"43.797"
"2025","0323","33.833",,"33.833"
"2025","0328","36.197",,"36.197"
"2025","0331","32.853",,"32.853"
"2025","0332","35.295",,"35.295"
"2025","0335","38.639",,"38.639"
"2025","0336","38.225",,"38.225"
"2025","0338","70.335",,"70.335"
"2025","0400","35.35",,"35.35"
"2025","0402","47.985",,"47.985"
"2025","0403","38.422",,"38.422"
"2025","0404","36.9",,"36.9"
"2025","0405","35.35",,"35.35"
"2025","0406","38.422",,"38.422"
"2025","0408","35.35",,"35.35"
"2025","0410","34.081",,"34.081"
"2025","0411","34.081",,"34.081"
"2025","0413","35.35",,"35.35"
"2025","0415","35.35",,"35.35"
"2025","0418","46.624",,"46.624"
"2025","0420","47.38",,"47.38"
"2025","0421","47.38",,"47.38"
"2025","0426","47.985",,"47.985"
"2025","0428","37.314",,"37.314"
"2025","0429","35.764",,"35.764"
"2025","0430","35.764",,"35.764"
"2025","0431","36.229",,"36.229"
"2025","0433","38.836",,"38.836"
"2025","0434","48.399",,"48.399"
"2025","0435","35.764",,"35.764"
"2025","0436","47.794",,"47.794"
"2025","0437","47.794",,"47.794"
"2025","0439","47.038",,"47.038"
"2025","0444","34.495",,"34.495"
"2025","0445","47.038",,"47.038"
"2025","0446","38.503",,"38.503"
"2025","0447","38.089",,"38.089"
"2025","0450","47.794",,"47.794"
"2025","0451","85.705",,"85.705"
"2025","0452","88.873",,"88.873"
"2025","0454","73.675",,"73.675"
"2025","0455","76.843",,"76.843"
"2025","0456","85.291",,"85.291"
"2025","0457","88.459",,"88.459"
"2025","0458","73.261",,"73.261"
"2025","0459","76.429",,"76.429"
"2025","0461","77.794",,"77.794"
"2025","0465","38.836",,"38.836"
"2025","0469","38.089",,"38.089"
"2025","0498","35.673",,"35.673"
"2025","0501","58.699",,"58.699"
"2025","0502","37.796",,"37.796"
"2025","0503","34.848",,"34.848"
"2025","0507","37.796",,"37.796"
"2025","0508","34.848",,"34.848"
"2025","0509","41.39",,"41.39"
"2025","0510","38.442",,"38.442"
"2025","0512","35.259",,"35.259"
"2025","0514","39.202",,"39.202"
"2025","0515","39.202",,"39.202"
"2025","0520","41.39",,"41.39"
"2025","0523","38.442",,"38.442"
"2025","0524","38.853",,"38.853"
"2025","0525","42.796",,"42.796"
"2025","0526","44.061",,"44.061"
"2025","0533","38.21",,"38.21"
"2025","0534","38.21",,"38.21"
"2025","0537","39.616",,"39.616"
"2025","0539","59.113",,"59.113"
"2025","0542","42.796",,"42.796"
"2025","0549","47.655",,"47.655"
"2025","0556","41.804",,"41.804"
"2025","0557","41.804",,"41.804"
"2025","0561","64.097",,"64.097"
"2025","0563","43.21",,"43.21"
"2025","0565","62.707",,"62.707"
"2025","0567","62.293",,"62.293"
"2025","0568","62.293",,"62.293"
"2025","0600","37.587",,"37.587"
"2025","0602","42.191",,"42.191"
"2025","0604","36.398",,"36.398"
"2025","0606","35.313",,"35.313"
"2025","0607","40.443",,"40.443"
"2025","0609","37.587",,"37.587"
"2025","0611","35.313",,"35.313"
"2025","0618","31.467",,"31.467"
"2025","0625","38.567",,"38.567"
"2025","0630","33.909",,"33.909"
"2025","0632","36.398",,"36.398"
"2025","0636","30.313",,"30.313"
"2025","0639","31.467",,"31.467"
"2025","0641","33.909",,"33.909"
"2025","0644","38.84",,"38.84"
"2025","0645","31.881",,"31.881"
"2025","0649","38.84",,"38.84"
"2025","0650","45.349",,"45.349"
"2025","0651","47.791",,"47.791"
"2025","0652","38.001",,"38.001"
"2025","0663","45.763",,"45.763"
"2025","0667","47.791",,"47.791"
"2025","0671","32.447",,"32.447"
"2025","0674","32.861",,"32.861"
"2025","0678","36.398",,"36.398"
"2025","0680","40.029",,"40.029"
"2025","0683","38.001",,"38.001"
"2025","0684","36.812",,"36.812"
"2025","0685","36.812",,"36.812"
"2025","0687","30.727",,"30.727"
"2025","0688","35.727",,"35.727"
"2025","0689","45.812",,"45.812"
"2025","0692","35.727",,"35.727"
"2025","0693","39.254",,"39.254"
"2025","0694","39.254",,"39.254"
"2025","0695","36.812",,"36.812"
"2025","0696","31.881",,"31.881"
"2025","0697","34.323",,"34.323"
"2025","0698","34.323",,"34.323"
"2025","0699","45.763",,"45.763"
"2025","0700","25.313",,"25.313"
"2025","0701","30.313",,"30.313"
"2025","0702","29.313",,"29.313"
"2025","0703","26.313",,"26.313"
"2025","0704","31.478",,"31.478"
"2025","0705","30.478",,"30.478"
"2025","0706","29.315",,"29.315"
"2025","0707","32.909",,"32.909"
"2025","0708","27.755",,"27.755"
"2025","0709","33.92",,"33.92"
"2025","0710","32.92",,"32.92"
"2025","0711","32.92",,"32.92"
"2025","0712","30.313",,"30.313"
"2025","0713","31.478",,"31.478"
"2025","0714","31.478",,"31.478"
"2025","0715","31.467",,"31.467"
"2025","0716","33.92",,"33.92"
"2025","0718","33.909",,"33.909"
"2025","0720","28.755",,"28.755"
"2025","0722","33.92",,"33.92"
"2025","0724","31.458",,"31.458"
"2025","0725","32.458",,"32.458"
"2025","0727","29.729",,"29.729"
"2025","0728","25.727",,"25.727"
"2025","0729","29.169",,"29.169"
"2025","0730","28.169",,"28.169"
"2025","0732","34.334",,"34.334"
"2025","0733","30.892",,"30.892"
"2025","0734","31.892",,"31.892"
"2025","0735","31.892",,"31.892"
"2025","0736","34.334",,"34.334"
"2025","0737","29.727",,"29.727"
"2025","0738","34.334",,"34.334"
"2025","0739","29.727",,"29.727"
"2025","0740","30.727",,"30.727"
"2025","0741","30.727",,"30.727"
"2025","0742","33.334",,"33.334"
"2025","0743","31.892",,"31.892"
"2025","0746","32.872",,"32.872"
"2025","0748","33.323",,"33.323"
"2025","0749","34.323",,"34.323"
"2025","0751","31.881",,"31.881"
"2025","0753","33.334",,"33.334"
"2025","0754","35.783",,"35.783"
"2025","0757","38.225",,"38.225"
"2025","0782","48.683",,"48.683"
"2025","0783","48.683",,"48.683"
"2025","0784","51.125",,"51.125"
"2025","0786","49.097",,"49.097"
"2025","0788","36.197",,"36.197"
"2025","0789","38.639",,"38.639"
"2025","0790","51.539",,"51.539"
"2025","0800","37.112",,"37.112"
"2025","0802","33.853",,"33.853"
"2025","0803","32.853",,"32.853"
"2025","0804","35.67",,"35.67"
"2025","0806","45.259",,"45.259"
"2025","0807","34.67",,"34.67"
"2025","0808","42.817",,"42.817"
"2025","0809","46.259",,"46.259"
"2025","0810","38.112",,"38.112"
"2025","0811","35.67",,"35.67"
"2025","0812","42.539",,"42.539"
"2025","0813","34.67",,"34.67"
"2025","0814","36.295",,"36.295"
"2025","0815","35.295",,"35.295"
"2025","0816","39.097",,"39.097"
"2025","0818","38.112",,"38.112"
"2025","0820","35.65",,"35.65"
"2025","0821","43.797",,"43.797"
"2025","0822","36.65",,"36.65"
"2025","0824","37.112",,"37.112"
"2025","0825","40.097",,"40.097"
"2025","0826","39.097",,"39.097"
"2025","0827","41.539",,"41.539"
"2025","0828","40.097",,"40.097"
"2025","0829","47.244",,"47.244"
"2025","0834","33.853",,"33.853"
"2025","0836","43.817",,"43.817"
"2025","0878","78.581",,"78.581"
"2025","0879","80.043",,"80.043"
"2025","0880","78.601",,"78.601"
"2025","0881","79.581",,"79.581"
"2025","0882","81.043",,"81.043"
"2025","0890","36.65",,"36.65"
"2025","0901","29.409",,"29.409"
"2025","0902","34.848",,"34.848"
"2025","0903","33.579",,"33.579"
"2025","0904","30.409",,"30.409"
"2025","0905","33.579",,"33.579"
"2025","0906","30.409",,"30.409"
"2025","0907","34.848",,"34.848"
"2025","0915","29.823",,"29.823"
"2025","0916","30.823",,"30.823"
"2025","0917","33.993",,"33.993"
"2025","0918","30.823",,"30.823"
"2025","0919","33.993",,"33.993"
"2025","0920","35.262",,"35.262"
"2025","0921","35.262",,"35.262"
"2025","0922","36.435",,"36.435"
"2025","0923","35.727",,"35.727"
"2025","0930","40.32",,"40.32"
"2025","0931","40.734",,"40.734"
"2025","0932","40.734",,"40.734"
"2025","0936","40.32",,"40.32"
"2025","0940","44.055",,"44.055"
"2025","0942","44.469",,"44.469"
"2025","0943","44.055",,"44.055"
"2025","0967","44.219",,"44.219"
"2025","0968","44.633",,"44.633"
"2025","1001","29.313",,"29.313"
"2025","1006","29.315",,"29.315"
"2025","1007","29.729",,"29.729"
"2025","1008","33.315",,"33.315"
"2025","1009","33.729",,"33.729"
"2025","1100","27.901",,"27.901"
"2025","1101","40.346",,"40.346"
"2025","1102","28.315",,"28.315"
"2025","1103","40.76",,"40.76"
"2025","1200","26.563",,"26.563"
"2025","1203","39.74",,"39.74"
"2025","1204","26.977",,"26.977"
"2025","1205","31.073",,"31.073"
"2025","1284","40.302",,"40.302"
"2025","1285","40.302",,"40.302"
"2025","1288","42.175",,"42.175"
"2025","1291","35.875",,"35.875"
"2025","1292","42.43",,"42.43"
"2025","1293","34.559",,"34.559"
"2025","1294","39.986",,"39.986"
"2025","1295","39.986",,"39.986"
"2025","1296","35.559",,"35.559"
"2025","1297","35.559",,"35.559"
"2025","1298","35.559",,"35.559"
"2025","1300","36.342",,"36.342"
"2025","1302","36.342",,"36.342"
"2025","1303","36.342",,"36.342"
"2025","1304","35.342",,"35.342"
"2025","1305","35.342",,"35.342"
"2025","1307","49.27",,"49.27"
"2025","1309","42.114",,"42.114"
"2025","1311","36.342",,"36.342"
"2025","1313","37.748",,"37.748"
"2025","1317","32.889",,"32.889"
"2025","1318","37.748",,"37.748"
"2025","1319","51.168",,"51.168"
"2025","1321","37.748",,"37.748"
"2025","1324","37.748",,"37.748"
"2025","1333","49.579",,"49.579"
"2025","1336","60.216",,"60.216"
"2025","1340","40.769",,"40.769"
"2025","1341","40.769",,"40.769"
"2025","1343","39.769",,"39.769"
"2025","1345","37.748",,"37.748"
"2025","1350","37.748",,"37.748"
"2025","1351","38.784",,"38.784"
"2025","1352","37.748",,"37.748"
"2025","1355","36.658",,"36.658"
"2025","1356","36.658",,"36.658"
"2025","1357","38.064",,"38.064"
"2025","1358","38.064",,"38.064"
"2025","1359","41.085",,"41.085"
"2025","1360","38.064",,"38.064"
"2025","1361","49.27",,"49.27"
"2025","1365","38.064",,"38.064"
"2025","1366","36.658",,"36.658"
"2025","1368","38.064",,"38.064"
"2025","1399","42.114",,"42.114"
"2025","1420","46.541",,"46.541"
"2025","1422","46.541",,"46.541"
"2025","1430","42.114",,"42.114"
"2025","1436","42.897",,"42.897"
"2025","1443","42.897",,"42.897"
"2025","1449","42.43",,"42.43"
"2025","1450","42.43",,"42.43"
"2025","1451","46.857",,"46.857"
"2025","1453","46.791",,"46.791"
"2025","1459","46.857",,"46.857"
"2025","1476","45.349",,"45.349"
"2025","1488","42.68",,"42.68"
"2025","2021","28.442",,"28.442"
"2025","2027","38.946",,"38.946"
"2025","2029","36.504",,"36.504"
"2025","2030","37.484",,"37.484"
"2025","2032","45.596",,"45.596"
"2025","2050","19.",,"19."
"2025","2052","19.02",,"19.02"
"2025","2056","19.98",,"19.98"
"2025","2063","29.49",,"29.49"
"2025","2064","31.912",,"31.912"
"2025","2065","30.45",,"30.45"
"2025","2066","29.47",,"29.47"
"2025","2067","26.",,"26."
"2025","2068","28.442",,"28.442"
"2025","2069","27.",,"27."
"2025","2070","29.442",,"29.442"
"2025","2071","26.98",,"26.98"
"2025","2072","27.98",,"27.98"
"2025","2073","26.414",,"26.414"
"2025","2074","27.414",,"27.414"
"2025","2075","28.394",,"28.394"
"2025","2076","29.856",,"29.856"
"2025","2077","27.394",,"27.394"
"2025","2078","28.856",,"28.856"
"2025","2080","39.986",,"39.986"
"2025","2082","48.205",,"48.205"
"2025","2084","47.107",,"47.107"
"2025","2091","46.541",,"46.541"
"2025","2100","49.586",,"49.586"
"2025","2116","47.672",,"47.672"
"2025","2122","51.168",,"51.168"
"2025","2127","35.875",,"35.875"
"2025","2128","35.875",,"35.875"
"2025","2132","38.064",,"38.064"
"2025","2134","51.484",,"51.484"
"2025","2138","49.586",,"49.586"
"2025","2148","26.727",,"26.727"
"2025","2150","83.107",,"83.107"
"2025","2151","94.576",,"94.576"
"2025","2152","94.162",,"94.162"
"2025","2153","82.693",,"82.693"
"2025","2161","40.769",,"40.769"
"2025","2163","48.086",,"48.086"
"2025","2175","41.085",,"41.085"
"2025","2178","36.483",,"36.483"
"2025","2179","33.853",,"33.853"
"2025","2180","31.467",,"31.467"
"2025","2181","32.909",,"32.909"
"2025","2182","33.909",,"33.909"
"2025","2183","31.467",,"31.467"
"2025","2186","33.909",,"33.909"
"2025","2187","35.259",,"35.259"
"2025","2188","35.259",,"35.259"
"2025","2189","33.853",,"33.853"
"2025","2190","35.295",,"35.295"
"2025","2191","36.295",,"36.295"
"2025","2192","36.295",,"36.295"
"2025","2193","32.853",,"32.853"
"2025","2194","32.909",,"32.909"
"2025","2195","31.447",,"31.447"
"2025","2196","32.447",,"32.447"
"2025","2197","32.447",,"32.447"
"2025","2198","33.833",,"33.833"
"2025","2199","34.833",,"34.833"
"2025","2200","34.833",,"34.833"
"2025","2201","31.447",,"31.447"
"2025","2211","32.861",,"32.861"
"2025","2213","35.65",,"35.65"
"2025","2214","39.992",,"39.992"
"2025","2215","27.755",,"27.755"
"2025","2216","34.67",,"34.67"
"2025","2218","38.53",,"38.53"
"2025","2219","26.293",,"26.293"
"2025","2220","33.833",,"33.833"
"2025","2221","32.853",,"32.853"
"2025","2222","35.295",,"35.295"
"2025","2223","40.992",,"40.992"
"2025","2227","32.909",,"32.909"
"2025","2228","38.112",,"38.112"
"2025","2229","33.853",,"33.853"
"2025","2230","32.853",,"32.853"
"2025","2232","34.67",,"34.67"
"2025","2234","35.67",,"35.67"
"2025","2236","36.295",,"36.295"
"2025","2237","35.295",,"35.295"
"2025","2238","38.112",,"38.112"
"2025","2240","35.65",,"35.65"
"2025","2241","36.65",,"36.65"
"2025","2242","37.112",,"37.112"
"2025","2244","37.064",,"37.064"
"2025","2245","36.65",,"36.65"
"2025","2258","33.853",,"33.853"
"2025","2259","42.655",,"42.655"
"2025","2261","35.259",,"35.259"
"2025","2262","35.259",,"35.259"
"2025","2263","44.061",,"44.061"
"2025","2264","42.655",,"42.655"
"2025","2265","44.061",,"44.061"
"2025","2266","37.701",,"37.701"
"2025","2267","35.259",,"35.259"
"2025","2268","44.061",,"44.061"
"2025","2269","47.082",,"47.082"
"2025","2271","38.28",,"38.28"
"2025","2272","35.259",,"35.259"
"2025","2273","39.202",,"39.202"
"2025","2274","42.796",,"42.796"
"2025","2275","42.796",,"42.796"
"2025","2276","37.112",,"37.112"
"2025","2278","35.67",,"35.67"
"2025","2279","34.67",,"34.67"
"2025","2280","38.112",,"38.112"
"2025","2281","35.67",,"35.67"
"2025","2282","34.67",,"34.67"
"2025","2283","38.112",,"38.112"
"2025","2284","40.097",,"40.097"
"2025","2286","41.539",,"41.539"
"2025","2287","40.097",,"40.097"
"2025","2288","33.853",,"33.853"
"2025","2295","40.302",,"40.302"
"2025","2296","34.559",,"34.559"
"2025","2297","39.986",,"39.986"
"2025","2298","39.986",,"39.986"
"2025","2299","35.559",,"35.559"
"2025","2300","35.559",,"35.559"
"2025","2301","35.559",,"35.559"
"2025","2303","36.342",,"36.342"
"2025","2306","36.342",,"36.342"
"2025","2307","35.342",,"35.342"
"2025","2308","36.342",,"36.342"
"2025","2309","37.748",,"37.748"
"2025","2310","32.889",,"32.889"
"2025","2311","37.748",,"37.748"
"2025","2313","37.748",,"37.748"
"2025","2316","37.748",,"37.748"
"2025","2322","40.769",,"40.769"
"2025","2323","40.769",,"40.769"
"2025","2324","39.769",,"39.769"
"2025","2325","37.748",,"37.748"
"2025","2329","39.769",,"39.769"
"2025","2330","37.748",,"37.748"
"2025","2331","37.748",,"37.748"
"2025","2334","36.658",,"36.658"
"2025","2335","38.064",,"38.064"
"2025","2336","38.064",,"38.064"
"2025","2337","41.085",,"41.085"
"2025","2338","38.064",,"38.064"
"2025","2340","38.064",,"38.064"
"2025","2341","36.658",,"36.658"
"2025","2342","38.064",,"38.064"
"2025","2354","35.875",,"35.875"
"2025","2355","35.875",,"35.875"
"2025","2356","38.064",,"38.064"
"2025","2360","35.35",,"35.35"
"2025","2361","37.796",,"37.796"
"2025","2362","34.848",,"34.848"
"2025","2364","37.796",,"37.796"
"2025","2365","34.848",,"34.848"
"2025","2366","41.39",,"41.39"
"2025","2367","38.442",,"38.442"
"2025","2368","39.202",,"39.202"
"2025","2369","39.202",,"39.202"
"2025","2371","41.39",,"41.39"
"2025","2372","38.442",,"38.442"
"2025","2373","42.796",,"42.796"
"2025","2374","44.061",,"44.061"
"2025","2377","42.796",,"42.796"
"2025","2378","47.655",,"47.655"
"2025","2380","37.748",,"37.748"
"2025","2383","38.064",,"38.064"
"2025","2389","35.559",,"35.559"
"2025","2390","36.342",,"36.342"
"2025","2391","35.342",,"35.342"
"2025","2392","35.342",,"35.342"
"2025","2406","27.901",,"27.901"
"2025","2407","28.315",,"28.315"
"2025","2408","35.35",,"35.35"
"2025","2409","38.422",,"38.422"
"2025","2410","35.35",,"35.35"
"2025","2411","38.422",,"38.422"
"2025","2412","34.081",,"34.081"
"2025","2413","38.422",,"38.422"
"2025","2414","35.35",,"35.35"
"2025","2415","38.422",,"38.422"
"2025","2416","35.35",,"35.35"
"2025","2418","47.38",,"47.38"
"2025","2419","35.764",,"35.764"
"2025","2420","35.764",,"35.764"
"2025","2421","47.794",,"47.794"
"2025","2422","47.794",,"47.794"
"2025","2424","29.409",,"29.409"
"2025","2425","33.579",,"33.579"
"2025","2426","33.579",,"33.579"
"2025","2428","29.729",,"29.729"
"2025","2429","27.901",,"27.901"
"2025","2430","28.315",,"28.315"
"2025","2433","26.",,"26."
"2025","2434","27.98",,"27.98"
"2025","2435","26.414",,"26.414"
"2025","2436","27.414",,"27.414"
"2025","2437","28.394",,"28.394"
"2025","2438","29.856",,"29.856"
"2025","2442","35.783",,"35.783"
"2025","2443","39.992",,"39.992"
"2025","2445","36.763",,"36.763"
"2025","2446","37.55",,"37.55"
"2025","2447","35.803",,"35.803"
"2025","2448","36.728",,"36.728"
"2025","2449","37.708",,"37.708"
"2025","2450","38.53",,"38.53"
"2025","2451","39.17",,"39.17"
"2025","2452","36.197",,"36.197"
"2025","2453","32.333",,"32.333"
"2025","2454","38.225",,"38.225"
"2025","2457","31.478",,"31.478"
"2025","2458","30.478",,"30.478"
"2025","2460","27.755",,"27.755"
"2025","2461","33.92",,"33.92"
"2025","2462","32.92",,"32.92"
"2025","2464","31.458",,"31.458"
"2025","2465","29.169",,"29.169"
"2025","2467","34.334",,"34.334"
"2025","2468","30.892",,"30.892"
"2025","2469","34.334",,"34.334"
"2025","2470","33.334",,"33.334"
"2025","2472","33.334",,"33.334"
"2025","2475","36.197",,"36.197"
"2025","2479","19.",,"19."
"2025","2480","26.02",,"26.02"
"2025","2481","19.02",,"19.02"
"2025","2484","19.98",,"19.98"
"2025","2485","29.49",,"29.49"
"2025","2486","31.912",,"31.912"
"2025","2487","30.45",,"30.45"
"2025","2488","29.47",,"29.47"
"2025","2489","28.442",,"28.442"
"2025","2490","27.",,"27."
"2025","2491","29.442",,"29.442"
"2025","2492","27.98",,"27.98"
"2025","2493","27.414",,"27.414"
"2025","2494","29.856",,"29.856"
"2025","2497","39.992",,"39.992"
"2025","2498","37.55",,"37.55"
"2025","2499","38.53",,"38.53"
"2025","2500","43.797",,"43.797"
"2025","2501","37.112",,"37.112"
"2025","2502","45.259",,"45.259"
"2025","2503","34.67",,"34.67"
"2025","2504","42.817",,"42.817"
"2025","2505","46.259",,"46.259"
"2025","2506","35.65",,"35.65"
"2025","2507","43.797",,"43.797"
"2025","2508","39.097",,"39.097"
"2025","2509","41.539",,"41.539"
"2025","2522","38.946",,"38.946"
"2025","2523","36.504",,"36.504"
"2025","2524","37.484",,"37.484"
"2025","2526","38.001",,"38.001"
"2025","2527","38.001",,"38.001"
"2025","2543","79.387",,"79.387"
"2025","2552","41.595",,"41.595"
"2025","2555","39.097",,"39.097"
"2025","2556","47.107",,"47.107"
"2025","2564","70.335",,"70.335"
"2025","2569","46.857",,"46.857"
"2025","2575","59.708",,"59.708"
"2025","2581","65.337",,"65.337"
"2025","2589","78.581",,"78.581"
"2025","2596","81.043",,"81.043"
"2025","2600","44.553",,"44.553"
"2025","2601","42.43",,"42.43"
"2025","2606","71.335",,"71.335"
"2025","2607","51.647",,"51.647"
"2025","2621","50.24",,"50.24"
"2025","2622","26.313",,"26.313"
"2025","2623","26.815",,"26.815"
"2025","2625","37.587",,"37.587"
"2025","2627","37.587",,"37.587"
"2025","2628","58.699",,"58.699"
"2025","2630","49.194",,"49.194"
"2025","2635","49.097",,"49.097"
"2025","2641","35.35",,"35.35"
"2025","2642","35.35",,"35.35"
"2025","2685","49.586",,"49.586"
"2025","2688","49.27",,"49.27"
"2025","2689","42.587",,"42.587"
"2025","2698","46.259",,"46.259"
"2025","2704","46.857",,"46.857"
"2025","2712","112.84",,"112.84"
"2025","2716","46.435",,"46.435"
"2025","2722","77.794",,"77.794"
"2025","2729","42.175",,"42.175"
"2025","2733","46.624",,"46.624"
"2025","2735","92.042",,"92.042"
"2025","2736","29.907",,"29.907"
"2025","2746","45.596",,"45.596"
"2025","2749","46.541",,"46.541"
"2025","2750","42.43",,"42.43"
"2025","2751","62.596",,"62.596"
"2025","2754","66.539",,"66.539"
"2025","2757","38.422",,"38.422"
"2025","2760","35.575",,"35.575"
"2025","2763","43.633",,"43.633"
"2025","2766","65.337",,"65.337"
"2025","2776","44.134",,"44.134"
"2025","2778","61.56",,"61.56"
"2025","2780","129.01",,"129.01"
"2025","2781","93.03",,"93.03"
"2025","2782","100.096",,"100.096"
"2025","2786","62.596",,"62.596"
"2025","2787","60.154",,"60.154"
"2025","2794","61.56",,"61.56"
"2025","2798","79.581",,"79.581"
"2025","2800","39.909",,"39.909"
"2025","2876","43.061",,"43.061"
"2025","2878","43.061",,"43.061"
"2025","2879","45.447",,"45.447"
"2025","2881","43.475",,"43.475"
"2025","2882","43.475",,"43.475"
"2025","2883","42.013",,"42.013"
"2025","2885","49.144",,"49.144"
"2025","2894","41.599",,"41.599"
"2025","2898","36.907",,"36.907"
"2025","2899","42.072",,"42.072"
"2025","2902","40.61",,"40.61"
"2025","2903","37.321",,"37.321"
"2025","2904","42.486",,"42.486"
"2025","2908","43.061",,"43.061"
"2025","2910","43.061",,"43.061"
"2025","2911","45.447",,"45.447"
"2025","2916","42.486",,"42.486"
"2025","2918","48.098",,"48.098"
"2025","2931","132.922",,"132.922"
"2025","2944","51.636",,"51.636"
"2025","2945","51.636",,"51.636"
"2025","2950","60.216",,"60.216"
"2025","2954","60.532",,"60.532"
"2025","2956","50.174",,"50.174"
"2025","2957","49.194",,"49.194"
"2025","2963","58.699",,"58.699"
"2025","2964","62.293",,"62.293"
"2025","2966","62.293",,"62.293"
"2025","2972","58.699",,"58.699"
"2025","2973","60.105",,"60.105"
"2025","2974","125.032",,"125.032"
"2025","2981","60.532",,"60.532"
"2025","2985","59.113",,"59.113"
"2025","2996","44.447",,"44.447"
"2025","2997","45.447",,"45.447"
"2025","2999","41.599",,"41.599"
"2025","3000","42.985",,"42.985"
"2025","3001","43.985",,"43.985"
"2025","3003","45.861",,"45.861"
"2025","3011","80.487",,"80.487"
"2025","3012","36.907",,"36.907"
"2025","3023","43.061",,"43.061"
"2025","3027","43.061",,"43.061"
"2025","3028","41.599",,"41.599"
"2025","3031","43.475",,"43.475"
"2025","3032","43.475",,"43.475"
"2025","3033","43.072",,"43.072"
"2025","3035","43.072",,"43.072"
"2025","3036","43.072",,"43.072"
"2025","3037","43.486",,"43.486"
"2025","3038","43.486",,"43.486"
"2025","3041","46.264",,"46.264"
"2025","3045","47.264",,"47.264"
"2025","3049","44.447",,"44.447"
"2025","3050","45.447",,"45.447"
"2025","3052","43.985",,"43.985"
"2025","3053","49.144",,"49.144"
"2025","3054","36.907",,"36.907"
"2025","3055","47.264",,"47.264"
"2025","3059","45.447",,"45.447"
"2025","3063","49.144",,"49.144"
"2025","3064","36.907",,"36.907"
"2025","3065","42.072",,"42.072"
"2025","3066","41.024",,"41.024"
"2025","3067","49.144",,"49.144"
"2025","3074","43.985",,"43.985"
"2025","3077","46.944",,"46.944"
"2025","3078","42.013",,"42.013"
"2025","3083","48.197",,"48.197"
"2025","3087","45.391",,"45.391"
"2025","3090","44.399",,"44.399"
"2025","3091","64.436",,"64.436"
"2025","3092","64.85",,"64.85"
"2025","3093","72.571",,"72.571"
"2025","3094","59.326",,"59.326"
"2025","3098","47.719",,"47.719"
"2025","3099","45.445",,"45.445"
"2025","3102","46.53",,"46.53"
"2025","3105","41.61",,"41.61"
"2025","3106","42.024",,"42.024"
"2025","3107","58.815",,"58.815"
"2025","3108","43.985",,"43.985"
"2025","3109","42.985",,"42.985"
"2025","3111","45.802",,"45.802"
"2025","3112","41.599",,"41.599"
"2025","3113","42.985",,"42.985"
"2025","3114","43.985",,"43.985"
"2025","3115","42.985",,"42.985"
"2025","3117","45.391",,"45.391"
"2025","3118","47.928",,"47.928"
"2025","3123","41.085",,"41.085"
"2025","3131","33.833",,"33.833"
"2025","3133","47.107",,"47.107"
"2025","3136","48.513",,"48.513"
"2025","3143","60.532",,"60.532"
"2025","3145","42.655",,"42.655"
"2025","3149","41.655",,"41.655"
"2025","3150","87.593",,"87.593"
"2025","3151","80.532",,"80.532"
"2025","3154","61.102",,"61.102"
"2025","3164","66.529",,"66.529"
"2025","3165","119.216",,"119.216"
"2025","3166","66.529",,"66.529"
"2025","3167","129.459",,"129.459"
"2025","3170","123.776",,"123.776"
"2025","3171","130.089",,"130.089"
"2025","3172","130.089",,"130.089"
"2025","3174","92.02",,"92.02"
"2025","3176","193.117",,"193.117"
"2025","3177","42.655",,"42.655"
"2025","3178","37.708",,"37.708"
"2025","3181","42.68",,"42.68"
"2025","3184","125.662",,"125.662"
"2025","3191","42.897",,"42.897"
"2025","3202","38.503",,"38.503"
"2025","3207","49.579",,"49.579"
"2025","3213","35.142",,"35.142"
"2025","3215","34.826",,"34.826"
"2025","3216","34.826",,"34.826"
"2025","3220","47.796",,"47.796"
"2025","3221","48.796",,"48.796"
"2025","3223","48.796",,"48.796"
"2025","3225","48.796",,"48.796"
"2025","3228","48.796",,"48.796"
"2025","3229","51.484",,"51.484"
"2025","3256","39.889",,"39.889"
"2025","3258","48.133",,"48.133"
"2025","3260","38.089",,"38.089"
"2025","3261","52.787",,"52.787"
"2025","3262","62.102",,"62.102"
"2025","3284","38.853",,"38.853"
"2025","3285","41.595",,"41.595"
"2025","3289","41.181",,"41.181"
"2025","3291","41.181",,"41.181"
"2025","3306","46.857",,"46.857"
"2025","3316","116.851",,"116.851"
"2025","3330","44.279",,"44.279"
"2025","3331","37.966",,"37.966"
"2025","3332","44.279",,"44.279"
"2025","3337","31.293",,"31.293"
"2025","3347","42.114",,"42.114"
"2025","3349","38.422",,"38.422"
"2025","3350","38.422",,"38.422"
"2025","3355","49.895",,"49.895"
"2025","3358","35.875",,"35.875"
"2025","3375","105.484",,"105.484"
"2025","3377","77.38",,"77.38"
"2025","3379","35.815",,"35.815"
"2025","3382","35.313",,"35.313"
"2025","3389","40.992",,"40.992"
"2025","3392","61.102",,"61.102"
"2025","3395","62.418",,"62.418"
"2025","3399","37.587",,"37.587"
"2025","3415","48.205",,"48.205"
"2025","3426","51.168",,"51.168"
"2025","3427","77.601",,"77.601"
"2025","3428","77.601",,"77.601"
"2025","3438","49.586",,"49.586"
"2025","3440","35.67",,"35.67"
"2025","3441","49.27",,"49.27"
"2025","3442","49.27",,"49.27"
"2025","3448","80.043",,"80.043"
"2025","3452","47.38",,"47.38"
"2025","3454","48.197",,"48.197"
"2025","3455","42.364",,"42.364"
"2025","3459","53.104",,"53.104"
"2025","3462","55.789",,"55.789"
"2025","3464","55.789",,"55.789"
"2025","3469","46.791",,"46.791"
"2025","3470","51.168",,"51.168"
"2025","3471","51.168",,"51.168"
"2025","3477","51.168",,"51.168"
"2025","3478","51.484",,"51.484"
"2025","3479","47.794",,"47.794"
"2025","3480","86.489",,"86.489"
"2025","3481","121.952",,"121.952"
"2025","3485","126.938",,"126.938"
"2025","3486","66.529",,"66.529"
"2025","3487","92.02",,"92.02"
"2025","3488","87.593",,"87.593"
"2025","3496","102.091",,"102.091"
"2025","3498","92.114",,"92.114"
"2025","3499","92.114",,"92.114"
"2025","3500","92.533",,"92.533"
"2025","3507","37.784",,"37.784"
"2025","3511","46.791",,"46.791"
"2025","3512","42.364",,"42.364"
"2025","3513","42.364",,"42.364"
"2025","3520","96.579",,"96.579"
"2025","3526","41.655",,"41.655"
"2025","3528","47.082",,"47.082"
"2025","3529","48.579",,"48.579"
"2025","3538","47.082",,"47.082"
"2025","3539","46.082",,"46.082"
"2025","3540","35.658",,"35.658"
"2025","3542","48.579",,"48.579"
"2025","3543","48.579",,"48.579"
"2025","3544","49.579",,"49.579"
"2025","3546","113.095",,"113.095"
"2025","3547","166.775",,"166.775"
"2025","3548","35.342",,"35.342"
"2025","3554","47.082",,"47.082"
"2025","3555","46.791",,"46.791"
"2025","3556","59.216",,"59.216"
"2025","3557","65.529",,"65.529"
"2025","3559","53.42",,"53.42"
"2025","3560","53.42",,"53.42"
"2025","3562","47.324",,"47.324"
"2025","3566","48.895",,"48.895"
"2025","3570","46.541",,"46.541"
"2025","3573","36.342",,"36.342"
"2025","3575","38.986",,"38.986"
"2025","3577","41.655",,"41.655"
"2025","3579","42.655",,"42.655"
"2025","3581","47.082",,"47.082"
"2025","3582","46.082",,"46.082"
"2025","3587","42.971",,"42.971"
"2025","3589","48.579",,"48.579"
"2025","3590","42.114",,"42.114"
"2025","3593","37.784",,"37.784"
"2025","3594","83.342",,"83.342"
"2025","3595","49.579",,"49.579"
"2025","3598","42.364",,"42.364"
"2025","3600","47.082",,"47.082"
"2025","3601","46.082",,"46.082"
"2025","3606","78.973",,"78.973"
"2025","3608","42.114",,"42.114"
"2025","3609","113.411",,"113.411"
"2025","3610","48.677",,"48.677"
"2025","3612","43.77",,"43.77"
"2025","3616","118.082",,"118.082"
"2025","3617","121.952",,"121.952"
"2025","3622","43.77",,"43.77"
"2025","3625","93.02",,"93.02"
"2025","3626","88.593",,"88.593"
"2025","3627","93.02",,"93.02"
"2025","3628","93.02",,"93.02"
"2025","3633","93.03",,"93.03"
"2025","3634","92.042",,"92.042"
"2025","3641","90.27",,"90.27"
"2025","3651","80.532",,"80.532"
"2025","3663","97.107",,"97.107"
"2025","3664","48.993",,"48.993"
"2025","3666","42.655",,"42.655"
"2025","3667","102.091",,"102.091"
"2025","3677","46.541",,"46.541"
"2025","3682","49.895",,"49.895"
"2025","3683","81.043",,"81.043"
"2025","3684","42.539",,"42.539"
"2025","3686","37.112",,"37.112"
"2025","3690","49.294",,"49.294"
"2025","3692","48.88",,"48.88"
"2025","3693","109.804",,"109.804"
"2025","3694","68.906",,"68.906"
"2025","3695","68.906",,"68.906"
"2025","3699","109.804",,"109.804"
"2025","3701","86.075",,"86.075"
"2025","3702","49.579",,"49.579"
"2025","3707","113.095",,"113.095"
"2025","3708","37.966",,"37.966"
"2025","3709","68.906",,"68.906"
"2025","3720","47.971",,"47.971"
"2025","3728","100.809",,"100.809"
"2025","3731","51.893",,"51.893"
"2025","3733","107.31",,"107.31"
"2025","3738","65.422",,"65.422"
"2025","3739","65.422",,"65.422"
"2025","3781","38.53",,"38.53"
"2025","3782","39.992",,"39.992"
"2025","3783","107.31",,"107.31"
"2025","3784","95.073",,"95.073"
"2025","3785","54.335",,"54.335"
"2025","3790","39.992",,"39.992"
"2025","3802","133.284",,"133.284"
"2025","3803","133.284",,"133.284"
"2025","3813","118.835",,"118.835"
"2025","3820","49.193",,"49.193"
"2025","3821","118.661",,"118.661"
"2025","3822","114.05",,"114.05"
"2025","3823","110.088",,"110.088"
"2025","3824","101.818",,"101.818"
"2025","3825","105.659",,"105.659"
"2025","3826","49.193",,"49.193"
"2025","3828","46.259",,"46.259"
"2025","3831","56.105",,"56.105"
"2025","3844","45.064",,"45.064"
"2025","3845","46.992",,"46.992"
"2025","3846","46.992",,"46.992"
"2025","3852","107.809",,"107.809"
"2025","3856","61.335",,"61.335"
"2025","3857","114.31",,"114.31"
"2025","3858","95.073",,"95.073"
"2025","3859","46.992",,"46.992"
"2025","3860","32.579",,"32.579"
"2025","3861","33.579",,"33.579"
"2025","3862","35.313",,"35.313"
"2025","3863","25.313",,"25.313"
"2025","3864","29.313",,"29.313"
"2025","3865","30.313",,"30.313"
"2025","3866","33.579",,"33.579"
"2025","3867","30.313",,"30.313"
"2025","3868","35.313",,"35.313"
"2025","3869","36.398",,"36.398"
"2025","3870","30.313",,"30.313"
"2025","3871","34.848",,"34.848"
"2025","3872","36.398",,"36.398"
"2025","3875","29.409",,"29.409"
"2025","3876","25.727",,"25.727"
"2025","3877","29.823",,"29.823"
"2025","3878","29.727",,"29.727"
"2025","3879","30.727",,"30.727"
"2025","3880","30.727",,"30.727"
"2025","3881","32.993",,"32.993"
"2025","3882","33.993",,"33.993"
"2025","3883","33.993",,"33.993"
"2025","3884","35.727",,"35.727"
"2025","3885","35.727",,"35.727"
"2025","3886","36.812",,"36.812"
"2025","3887","35.262",,"35.262"
"2025","3888","36.812",,"36.812"
"2025","3889","40.32",,"40.32"
"2025","3890","29.729",,"29.729"
"2025","3891","29.315",,"29.315"
"2025","3896","46.587",,"46.587"
"2025","3898","37.587",,"37.587"
"2025","3899","40.32",,"40.32"
"2025","3902","44.465",,"44.465"
"2025","3906","45.445",,"45.445"
"2025","3907","44.879",,"44.879"
"2025","3909","37.587",,"37.587"
"2025","3919","65.337",,"65.337"
"2025","3923","51.636",,"51.636"
"2025","3927","49.579",,"49.579"
"2025","3940","108.563",,"108.563"
"2025","3948","109.477",,"109.477"
"2025","3950","27.229",,"27.229"
"2025","3953","120.771",,"120.771"
"2025","3957","113.904",,"113.904"
"2025","3966","103.598",,"103.598"
"2025","3969","28.527",,"28.527"
"2025","3990","47.001",,"47.001"
"2025","3992","38.001",,"38.001"
"2025","3993","40.734",,"40.734"
"2025","3994","40.734",,"40.734"
"2025","3995","29.313",,"29.313"
"2025","3996","47.897",,"47.897"
"2025","3997","38.001",,"38.001"
"2025","3999","47.483",,"47.483"
"2025","4003","37.587",,"37.587"
"2025","4005","47.794",,"47.794"
"2025","4006","82.994",,"82.994"
"2025","4007","83.316",,"83.316"
"2025","4008","74.21",,"74.21"
"2025","4009","85.356",,"85.356"
"2025","4010","69.275",,"69.275"
"2025","4012","82.58",,"82.58"
"2025","4013","84.942",,"84.942"
"2025","4014","68.861",,"68.861"
"2025","4016","99.121",,"99.121"
"2025","4020","103.129",,"103.129"
"2025","4021","102.715",,"102.715"
"2025","4023","95.711",,"95.711"
"2025","4025","40.302",,"40.302"
"2025","4033","30.727",,"30.727"
"2025","4035","42.68",,"42.68"
"2025","4036","43.77",,"43.77"
"2025","4038","43.77",,"43.77"
"2025","4039","51.539",,"51.539"
"2025","4045","118.082",,"118.082"
"2025","4048","38.422",,"38.422"
"2025","4049","37.587",,"37.587"
"2025","4051","56.105",,"56.105"
"2025","4054","68.906",,"68.906"
"2025","4057","68.906",,"68.906"
"2025","4065","111.769",,"111.769"
"2025","4066","101.291",,"101.291"
"2025","4067","78.064",,"78.064"
"2025","4068","107.527",,"107.527"
"2025","4069","78.064",,"78.064"
"2025","4070","107.527",,"107.527"
"2025","4072","120.672",,"120.672"
"2025","4078","108.904",,"108.904"
"2025","4084","112.406",,"112.406"
"2025","4089","59.608",,"59.608"
"2025","4090","59.194",,"59.194"
"2025","4092","46.264",,"46.264"
"2025","4093","85.39",,"85.39"
"2025","4118","109.911",,"109.911"
"2025","4119","122.509",,"122.509"
"2025","4120","122.509",,"122.509"
"2025","4122","44.399",,"44.399"
"2025","4123","42.655",,"42.655"
"2025","4124","47.082",,"47.082"
"2025","4125","42.539",,"42.539"
"2025","4126","26.313",,"26.313"
"2025","4132","93.555",,"93.555"
"2025","4135","93.555",,"93.555"
"2025","4139","100.789",,"100.789"
"2025","4140","99.789",,"99.789"
"2025","4141","104.216",,"104.216"
"2025","4144","96.255",,"96.255"
"2025","4145","60.532",,"60.532"
"2025","4146","60.216",,"60.216"
"2025","4147","60.532",,"60.532"
"2025","4152","103.279",,"103.279"
"2025","4162","121.584",,"121.584"
"2025","4164","121.17",,"121.17"
"2025","4166","66.845",,"66.845"
"2025","4167","90.909",,"90.909"
"2025","4168","88.467",,"88.467"
"2025","4172","81.467",,"81.467"
"2025","4183","78.064",,"78.064"
"2025","4185","46.857",,"46.857"
"2025","4195","39.986",,"39.986"
"2025","4196","41.114",,"41.114"
"2025","4206","49.762",,"49.762"
"2025","4212","207.508",,"207.508"
"2025","4214","174.679",,"174.679"
"2025","4215","175.093",,"175.093"
"2025","4216","69.28",,"69.28"
"2025","4224","53.104",,"53.104"
"2025","4231","109.398",,"109.398"
"2025","4232","103.282",,"103.282"
"2025","4233","99.918",,"99.918"
"2025","4237","66.845",,"66.845"
"2025","4245","48.743",,"48.743"
"2025","4246","53.17",,"53.17"
"2025","4247","53.17",,"53.17"
"2025","4248","51.168",,"51.168"
"2025","4249","126.784",,"126.784"
"2025","4250","51.168",,"51.168"
"2025","4251","50.078",,"50.078"
"2025","4252","51.484",,"51.484"
"2025","4257","109.595",,"109.595"
"2025","4258","109.595",,"109.595"
"2025","4293","49.27",,"49.27"
"2025","4294","47.38",,"47.38"
"2025","4305","71.335",,"71.335"
"2025","4316","45.763",,"45.763"
"2025","4317","48.205",,"48.205"
"2025","4318","51.799",,"51.799"
"2025","4319","48.205",,"48.205"
"2025","4321","45.349",,"45.349"
"2025","4322","51.385",,"51.385"
"2025","4324","112.095",,"112.095"
"2025","4325","64.857",,"64.857"
"2025","4329","44.134",,"44.134"
"2025","4331","60.105",,"60.105"
"2025","4332","37.708",,"37.708"
"2025","4335","47.719",,"47.719"
"2025","4337","157.556",,"157.556"
"2025","4339","38.986",,"38.986"
"2025","4340","48.88",,"48.88"
"2025","4341","97.107",,"97.107"
"2025","4342","48.88",,"48.88"
"2025","4350","47.38",,"47.38"
"2025","4352","30.313",,"30.313"
"2025","4353","51.125",,"51.125"
"2025","4359","38.225",,"38.225"
"2025","4361","121.17",,"121.17"
"2025","4362","48.677",,"48.677"
"2025","4366","37.447",,"37.447"
"2025","4367","42.539",,"42.539"
"2025","4369","38.986",,"38.986"
"2025","4370","42.175",,"42.175"
"2025","4372","63.699",,"63.699"
"2025","4374","96.96",,"96.96"
"2025","4375","53.104",,"53.104"
"2025","4378","100.138",,"100.138"
"2025","4386","109.911",,"109.911"
"2025","4387","48.743",,"48.743"
"2025","4388","35.783",,"35.783"
"2025","4389","51.385",,"51.385"
"2025","4390","47.791",,"47.791"
"2025","4403","65.529",,"65.529"
"2025","4404","47.324",,"47.324"
"2025","4408","109.398",,"109.398"
"2025","4409","103.282",,"103.282"
"2025","4412","100.789",,"100.789"
"2025","4414","99.789",,"99.789"
"2025","4429","91.828",,"91.828"
"2025","4435","88.593",,"88.593"
"2025","4442","51.909",,"51.909"
"2025","4446","56.105",,"56.105"
"2025","4447","40.085",,"40.085"
"2025","4449","29.313",,"29.313"
"2025","4450","132.922",,"132.922"
"2025","4452","73.796",,"73.796"
"2025","4453","100.837",,"100.837"
"2025","4455","49.762",,"49.762"
"2025","4456","120.672",,"120.672"
"2025","4463","35.35",,"35.35"
"2025","4498","29.49",,"29.49"
"2025","4501","102.099",,"102.099"
"2025","4502","104.216",,"104.216"
"2025","4503","104.216",,"104.216"
"2025","4504","53.104",,"53.104"
"2025","4507","38.28",,"38.28"
"2025","4511","51.909",,"51.909"
"2025","4521","42.68",,"42.68"
"2025","4527","33.315",,"33.315"
"2025","4536","47.38",,"47.38"
"2025","4554","123.776",,"123.776"
"2025","4555","62.707",,"62.707"
"2025","4561","113.647",,"113.647"
"2025","4563","49.579",,"49.579"
"2025","4565","29.442",,"29.442"
"2025","4566","33.853",,"33.853"
"2025","4567","29.442",,"29.442"
"2025","4568","45.802",,"45.802"
"2025","4569","45.802",,"45.802"
"2025","4570","43.985",,"43.985"
"2025","4571","33.169",,"33.169"
"2025","4573","32.755",,"32.755"
"2025","4574","29.442",,"29.442"
"2025","4576","63.699",,"63.699"
"2025","4581","101.435",,"101.435"
"2025","4582","46.435",,"46.435"
"2025","4583","46.435",,"46.435"
"2025","4584","46.435",,"46.435"
"2025","4585","114.505",,"114.505"
"2025","4599","207.508",,"207.508"
"2025","4600","207.508",,"207.508"
"2025","4603","37.445",,"37.445"
"2025","4604","37.859",,"37.859"
"2025","4605","37.859",,"37.859"
"2025","4606","37.859",,"37.859"
"2025","4607","37.445",,"37.445"
"2025","4608","37.445",,"37.445"
"2025","4609","35.417",,"35.417"
"2025","4610","35.003",,"35.003"
"2025","4611","35.417",,"35.417"
"2025","4612","35.003",,"35.003"
"2025","4615","50.24",,"50.24"
"2025","4616","46.435",,"46.435"
"2025","4624","54.51",,"54.51"
"2025","4639","58.893",,"58.893"
"2025","4655","38.944",,"38.944"
"2025","4660","49.686",,"49.686"
"2025","4661","50.686",,"50.686"
"2025","4663","105.216",,"105.216"
"2025","4664","50.24",,"50.24"
"2025","4665","46.435",,"46.435"
"2025","4667","39.769",,"39.769"
"2025","4669","100.56",,"100.56"
"2025","4670","104.216",,"104.216"
"2025","4679","110.398",,"110.398"
"2025","4680","110.398",,"110.398"
"2025","4682","113.054",,"113.054"
"2025","4683","113.054",,"113.054"
"2025","4687","113.09",,"113.09"
"2025","4688","113.095",,"113.095"
"2025","4694","111.552",,"111.552"
"2025","4698","113.09",,"113.09"
"2025","4711","43.77",,"43.77"
"2025","4714","45.596",,"45.596"
"2025","4715","51.484",,"51.484"
"2025","4716","51.484",,"51.484"
"2025","4718","112.543",,"112.543"
"2025","4719","45.596",,"45.596"
"2025","4720","42.655",,"42.655"
"2025","4723","65.149",,"65.149"
"2025","4725","80.043",,"80.043"
"2025","4740","32.458",,"32.458"
"2025","4741","47.377",,"47.377"
"2025","4742","38.225",,"38.225"
"2025","4747","47.377",,"47.377"
"2025","4753","38.986",,"38.986"
"2025","4756","100.56",,"100.56"
"2025","4757","96.541",,"96.541"
"2025","4758","96.541",,"96.541"
"2025","4761","100.507",,"100.507"
"2025","4763","48.197",,"48.197"
"2025","4767","105.216",,"105.216"
"2025","4774","69.573",,"69.573"
"2025","4775","39.889",,"39.889"
"2025","4789","38.597",,"38.597"
"2025","4843","20.316",,"20.316"
"2025","4878","28.946",,"28.946"
"2025","4879","60.154",,"60.154"
"2025","4880","95.764",,"95.764"
"2025","4881","108.904",,"108.904"
"2025","4882","50.974",,"50.974"
"2025","4885","113.331",,"113.331"
"2025","4886","42.68",,"42.68"
"2025","4887","113.647",,"113.647"
"2025","4888","60.154",,"60.154"
"2025","4889","63.419",,"63.419"
"2025","4890","35.673",,"35.673"
"2025","4891","59.326",,"59.326"
"2025","4896","48.993",,"48.993"
"2025","4902","110.398",,"110.398"
"2025","4905","288.506",,"288.506"
"2025","4909","49.27",,"49.27"
"2025","4924","124.675",,"124.675"
"2025","4926","122.501",,"122.501"
"2025","4927","49.586",,"49.586"
"2025","4928","55.899",,"55.899"
"2025","4929","59.493",,"59.493"
"2025","4934","49.586",,"49.586"
"2025","4935","49.27",,"49.27"
"2025","4937","99.304",,"99.304"
"2025","4938","68.895",,"68.895"
"2025","4942","78.601",,"78.601"
"2025","4943","78.601",,"78.601"
"2025","4944","88.733",,"88.733"
"2025","4947","113.37",,"113.37"
"2025","4949","110.398",,"110.398"
"2025","4950","176.565",,"176.565"
"2025","4951","176.565",,"176.565"
"2025","4952","116.105",,"116.105"
"2025","4959","112.412",,"112.412"
"2025","4960","108.644",,"108.644"
"2025","4961","107.792",,"107.792"
"2025","4962","309.963",,"309.963"
"2025","4964","112.412",,"112.412"
"2025","4965","108.644",,"108.644"
"2025","4966","107.792",,"107.792"
"2025","4970","59.493",,"59.493"
"2025","4973","31.056",,"31.056"
"2025","4974","100.191",,"100.191"
"2025","4975","55.401",,"55.401"
"2025","4976","120.532",,"120.532"
"2025","4984","29.247",,"29.247"
"2025","4985","22.442",,"22.442"
"2025","4986","33.853",,"33.853"
"2025","4991","92.616",,"92.616"
"2025","4993","36.611",,"36.611"
"2025","4995","44.377",,"44.377"
"2025","4996","44.377",,"44.377"
"2025","4997","52.05",,"52.05"
"2025","5005","91.076",,"91.076"
"2025","5006","86.794",,"86.794"
"2025","5007","109.321",,"109.321"
"2025","5008","112.95",,"112.95"
"2025","5009","92.572",,"92.572"
"2025","5010","86.794",,"86.794"
"2025","5011","39.267",,"39.267"
"2025","5015","86.38",,"86.38"
"2025","5016","109.661",,"109.661"
"2025","5017","38.946",,"38.946"
"2025","5018","48.743",,"48.743"
"2025","5019","37.587",,"37.587"
"2025","5020","36.812",,"36.812"
"2025","5021","38.001",,"38.001"
"2025","5026","39.889",,"39.889"
"2025","5028","38.946",,"38.946"
"2025","5029","59.326",,"59.326"
"2025","5031","53.17",,"53.17"
"2025","5032","53.17",,"53.17"
"2025","5033","36.398",,"36.398"
"2025","5034","38.004",,"38.004"
"2025","5035","39.004",,"39.004"
"2025","5036","40.738",,"40.738"
"2025","5037","30.738",,"30.738"
"2025","5038","34.738",,"34.738"
"2025","5039","35.738",,"35.738"
"2025","5040","39.004",,"39.004"
"2025","5041","35.738",,"35.738"
"2025","5042","40.738",,"40.738"
"2025","5043","35.738",,"35.738"
"2025","5044","41.823",,"41.823"
"2025","5045","34.834",,"34.834"
"2025","5046","31.152",,"31.152"
"2025","5047","35.248",,"35.248"
"2025","5048","35.152",,"35.152"
"2025","5049","36.152",,"36.152"
"2025","5050","36.152",,"36.152"
"2025","5051","38.418",,"38.418"
"2025","5052","39.418",,"39.418"
"2025","5053","39.418",,"39.418"
"2025","5054","41.152",,"41.152"
"2025","5055","41.152",,"41.152"
"2025","5056","42.237",,"42.237"
"2025","5057","40.687",,"40.687"
"2025","5058","42.237",,"42.237"
"2025","5059","45.745",,"45.745"
"2025","5060","35.154",,"35.154"
"2025","5061","34.74",,"34.74"
"2025","5062","36.152",,"36.152"
"2025","5063","36.152",,"36.152"
"2025","5064","45.745",,"45.745"
"2025","5066","46.159",,"46.159"
"2025","5068","34.738",,"34.738"
"2025","5069","38.74",,"38.74"
"2025","5070","41.189",,"41.189"
"2025","5071","41.823",,"41.823"
"2025","5072","40.273",,"40.273"
"2025","5074","74.474",,"74.474"
"2025","5075","89.994",,"89.994"
"2025","5076","89.994",,"89.994"
"2025","5077","90.117",,"90.117"
"2025","5078","90.117",,"90.117"
"2025","5079","89.691",,"89.691"
"2025","5080","68.96",,"68.96"
"2025","5081","107.27",,"107.27"
"2025","5082","107.27",,"107.27"
"2025","5084","107.27",,"107.27"
"2025","5085","107.27",,"107.27"
"2025","5086","85.794",,"85.794"
"2025","5087","74.764",,"74.764"
"2025","5088","86.794",,"86.794"
"2025","5089","86.794",,"86.794"
"2025","5091","86.794",,"86.794"
"2025","5092","86.794",,"86.794"
"2025","5093","86.794",,"86.794"
"2025","5094","86.794",,"86.794"
"2025","5096","112.079",,"112.079"
"2025","5097","112.079",,"112.079"
"2025","5098","112.079",,"112.079"
"2025","5099","63.579",,"63.579"
"2025","5103","31.579",,"31.579"
"2025","5104","58.763",,"58.763"
"2025","5107","59.177",,"59.177"
"2025","5108","59.177",,"59.177"
"2025","5109","55.583",,"55.583"
"2025","5110","49.27",,"49.27"
"2025","5114","70.335",,"70.335"
"2025","5119","92.649",,"92.649"
"2025","5120","92.647",,"92.647"
"2025","5121","92.651",,"92.651"
"2025","5124","38.784",,"38.784"
"2025","5131","46.743",,"46.743"
"2025","5132","107.27",,"107.27"
"2025","5133","107.27",,"107.27"
"2025","5135","88.593",,"88.593"
"2025","5136","58.763",,"58.763"
"2025","5137","36.611",,"36.611"
"2025","5140","41.114",,"41.114"
"2025","5143","109.661",,"109.661"
"2025","5145","45.596",,"45.596"
"2025","5147","31.165",,"31.165"
"2025","5148","54.993",,"54.993"
"2025","5149","54.993",,"54.993"
"2025","5154","287.609",,"287.609"
"2025","5155","38.853",,"38.853"
"2025","5156","90.662",,"90.662"
"2025","5157","118.31",,"118.31"
"2025","5165","118.975",,"118.975"
"2025","5166","97.347",,"97.347"
"2025","5168","99.375",,"99.375"
"2025","5169","99.789",,"99.789"
"2025","5170","99.789",,"99.789"
"2025","5172","96.913",,"96.913"
"2025","5173","98.327",,"98.327"
"2025","5174","97.913",,"97.913"
"2025","5175","99.375",,"99.375"
"2025","5176","96.933",,"96.933"
"2025","5177","97.347",,"97.347"
"2025","5180","99.375",,"99.375"
"2025","5182","95.933",,"95.933"
"2025","5184","101.435",,"101.435"
"2025","5185","108.062",,"108.062"
"2025","5188","122.087",,"122.087"
"2025","5189","198.777",,"198.777"
"2025","5192","108.062",,"108.062"
"2025","5207","102.556",,"102.556"
"2025","5208","20.316",,"20.316"
"2025","5210","38.853",,"38.853"
"2025","5213","43.426",,"43.426"
"2025","5215","100.507",,"100.507"
"2025","5217","69.573",,"69.573"
"2025","5229","109.511",,"109.511"
"2025","5231","111.665",,"111.665"
"2025","5232","99.579",,"99.579"
"2025","5242","112.079",,"112.079"
"2025","5243","63.399",,"63.399"
"2025","5244","112.079",,"112.079"
"2025","5245","111.665",,"111.665"
"2025","5247","131.043",,"131.043"
"2025","5248","131.043",,"131.043"
"2025","5251","106.871",,"106.871"
"2025","5252","106.871",,"106.871"
"2025","5255","49.586",,"49.586"
"2025","5256","46.857",,"46.857"
"2025","5271","48.197",,"48.197"
"2025","5272","60.165",,"60.165"
"2025","5273","122.586",,"122.586"
"2025","5274","123.141",,"123.141"
"2025","5275","122.652",,"122.652"
"2025","5276","98.855",,"98.855"
"2025","5286","122.238",,"122.238"
"2025","5293","97.198",,"97.198"
"2025","5296","101.427",,"101.427"
"2025","5302","116.298",,"116.298"
"2025","5305","116.298",,"116.298"
"2025","5308","28.211",,"28.211"
"2025","5309","120.771",,"120.771"
"2025","5314","107.27",,"107.27"
"2025","5315","77.38",,"77.38"
"2025","5316","45.596",,"45.596"
"2025","5317","45.596",,"45.596"
"2025","5318","51.909",,"51.909"
"2025","5319","51.909",,"51.909"
"2025","5323","50.974",,"50.974"
"2025","5324","46.857",,"46.857"
"2025","5325","42.114",,"42.114"
"2025","5326","100.56",,"100.56"
"2025","5327","96.133",,"96.133"
"2025","5329","38.064",,"38.064"
"2025","5330","38.064",,"38.064"
"2025","5331","79.794",,"79.794"
"2025","5337","124.183",,"124.183"
"2025","5356","88.733",,"88.733"
"2025","5357","86.38",,"86.38"
"2025","5359","101.435",,"101.435"
"2025","5361","43.012",,"43.012"
"2025","5362","37.587",,"37.587"
"2025","5363","38.001",,"38.001"
"2025","5364","47.719",,"47.719"
"2025","5365","48.133",,"48.133"
"2025","5367","113.09",,"113.09"
"2025","5368","113.09",,"113.09"
"2025","5369","49.579",,"49.579"
"2025","5375","36.342",,"36.342"
"2025","5378","49.579",,"49.579"
"2025","5379","49.579",,"49.579"
"2025","5382","49.579",,"49.579"
"2025","5383","113.095",,"113.095"
"2025","5384","113.095",,"113.095"
"2025","5386","48.579",,"48.579"
"2025","5387","49.579",,"49.579"
"2025","5392","78.601",,"78.601"
"2025","5393","79.581",,"79.581"
"2025","5394","81.043",,"81.043"
"2025","5396","81.043",,"81.043"
"2025","5397","90.195",,"90.195"
"2025","5398","90.195",,"90.195"
"2025","5400","120.335",,"120.335"
"2025","5401","70.335",,"70.335"
"2025","5402","70.335",,"70.335"
"2025","5403","70.335",,"70.335"
"2025","5404","70.335",,"70.335"
"2025","5405","70.335",,"70.335"
"2025","5406","46.791",,"46.791"
"2025","5408","47.107",,"47.107"
"2025","5409","48.197",,"48.197"
"2025","5410","43.77",,"43.77"
"2025","5411","48.197",,"48.197"
"2025","5412","42.364",,"42.364"
"2025","5413","46.791",,"46.791"
"2025","5414","43.463",,"43.463"
"2025","5415","50.083",,"50.083"
"2025","5416","50.083",,"50.083"
"2025","5418","47.107",,"47.107"
"2025","5424","105.757",,"105.757"
"2025","5425","105.757",,"105.757"
"2025","5427","109.986",,"109.986"
"2025","5430","82.233",,"82.233"
"2025","5432","124.857",,"124.857"
"2025","5433","124.857",,"124.857"
"2025","5435","124.857",,"124.857"
"2025","5440","124.857",,"124.857"
"2025","5441","46.541",,"46.541"
"2025","5442","42.364",,"42.364"
"2025","5443","42.68",,"42.68"
"2025","5444","46.791",,"46.791"
"2025","5445","42.68",,"42.68"
"2025","5447","47.107",,"47.107"
"2025","5448","47.107",,"47.107"
"2025","5449","47.107",,"47.107"
"2025","5450","108.563",,"108.563"
"2025","5451","47.107",,"47.107"
"2025","5452","47.107",,"47.107"
"2025","5453","47.107",,"47.107"
"2025","5454","48.513",,"48.513"
"2025","5455","116.851",,"116.851"
"2025","5456","100.81",,"100.81"
"2025","5457","97.107",,"97.107"
"2025","5458","97.107",,"97.107"
"2025","5459","42.68",,"42.68"
"2025","5460","43.77",,"43.77"
"2025","5461","100.81",,"100.81"
"2025","5462","54.993",,"54.993"
"2025","5463","54.993",,"54.993"
"2025","5464","44.086",,"44.086"
"2025","5465","44.086",,"44.086"
"2025","5466","112.424",,"112.424"
"2025","5467","112.424",,"112.424"
"2025","5468","42.68",,"42.68"
"2025","5469","111.552",,"111.552"
"2025","5470","112.958",,"112.958"
"2025","5472","47.107",,"47.107"
"2025","5473","59.42",,"59.42"
"2025","5474","59.42",,"59.42"
"2025","5475","48.513",,"48.513"
"2025","5476","43.77",,"43.77"
"2025","5478","108.536",,"108.536"
"2025","5479","108.531",,"108.531"
"2025","5482","59.42",,"59.42"
"2025","5485","108.536",,"108.536"
"2025","5486","48.197",,"48.197"
"2025","5487","48.197",,"48.197"
"2025","5488","47.107",,"47.107"
"2025","5489","97.107",,"97.107"
"2025","5490","48.197",,"48.197"
"2025","5491","112.958",,"112.958"
"2025","5492","59.42",,"59.42"
"2025","5493","48.197",,"48.197"
"2025","5494","97.107",,"97.107"
"2025","5495","48.197",,"48.197"
"2025","5497","92.48",,"92.48"
"2025","5498","120.335",,"120.335"
"2025","5499","43.817",,"43.817"
"2025","5505","44.086",,"44.086"
"2025","5506","49.233",,"49.233"
"2025","5507","44.806",,"44.806"
"2025","5509","49.233",,"49.233"
"2025","5510","94.041",,"94.041"
"2025","5511","126.135",,"126.135"
"2025","5512","49.27",,"49.27"
"2025","5513","49.27",,"49.27"
"2025","5514","49.586",,"49.586"
"2025","5515","49.586",,"49.586"
"2025","5519","49.27",,"49.27"
"2025","5520","49.586",,"49.586"
"2025","5521","49.27",,"49.27"
"2025","5522","49.27",,"49.27"
"2025","5523","49.27",,"49.27"
"2025","5524","121.952",,"121.952"
"2025","5526","107.27",,"107.27"
"2025","5527","107.27",,"107.27"
"2025","5528","49.27",,"49.27"
"2025","5529","121.952",,"121.952"
"2025","5532","107.27",,"107.27"
"2025","5533","79.581",,"79.581"
"2025","5534","48.513",,"48.513"
"2025","5535","108.531",,"108.531"
"2025","5536","60.788",,"60.788"
"2025","5538","92.237",,"92.237"
"2025","5543","137.502",,"137.502"
"2025","5546","62.985",,"62.985"
"2025","5548","112.95",,"112.95"
"2025","5549","80.207",,"80.207"
"2025","5550","44.869",,"44.869"
"2025","5551","46.541",,"46.541"
"2025","5552","42.68",,"42.68"
"2025","5555","78.064",,"78.064"
"2025","5557","54.51",,"54.51"
"2025","5558","100.56",,"100.56"
"2025","5559","96.133",,"96.133"
"2025","5560","48.579",,"48.579"
"2025","5561","81.043",,"81.043"
"2025","5562","60.216",,"60.216"
"2025","5563","63.576",,"63.576"
"2025","5564","60.216",,"60.216"
"2025","5565","60.532",,"60.532"
"2025","5566","60.532",,"60.532"
"2025","5567","60.532",,"60.532"
"2025","5568","62.102",,"62.102"
"2025","5569","80.532",,"80.532"
"2025","5570","61.102",,"61.102"
"2025","5571","125.529",,"125.529"
"2025","5572","114.789",,"114.789"
"2025","5573","66.529",,"66.529"
"2025","5574","119.216",,"119.216"
"2025","5575","123.776",,"123.776"
"2025","5576","130.089",,"130.089"
"2025","5577","85.532",,"85.532"
"2025","5578","66.529",,"66.529"
"2025","5579","80.532",,"80.532"
"2025","5580","85.532",,"85.532"
"2025","5581","55.789",,"55.789"
"2025","5582","56.105",,"56.105"
"2025","5584","63.576",,"63.576"
"2025","5585","65.146",,"65.146"
"2025","5586","69.573",,"69.573"
"2025","5587","69.573",,"69.573"
"2025","5588","120.216",,"120.216"
"2025","5589","126.845",,"126.845"
"2025","5590","120.532",,"120.532"
"2025","5595","110.532",,"110.532"
"2025","5596","47.791",,"47.791"
"2025","5600","106.105",,"106.105"
"2025","5601","106.105",,"106.105"
"2025","5602","110.532",,"110.532"
"2025","5603","90.181",,"90.181"
"2025","5604","79.38",,"79.38"
"2025","5605","160.712",,"160.712"
"2025","5606","100.712",,"100.712"
"2025","5607","100.858",,"100.858"
"2025","5608","100.286",,"100.286"
"2025","5609","100.402",,"100.402"
"2025","5610","102.27",,"102.27"
"2025","5611","102.586",,"102.586"
"2025","5612","102.27",,"102.27"
"2025","5613","102.586",,"102.586"
"2025","5614","95.852",,"95.852"
"2025","5615","97.036",,"97.036"
"2025","5616","97.036",,"97.036"
"2025","5617","92.609",,"92.609"
"2025","5618","100.279",,"100.279"
"2025","5619","100.279",,"100.279"
"2025","5620","95.852",,"95.852"
"2025","5621","95.852",,"95.852"
"2025","5622","95.852",,"95.852"
"2025","5623","95.852",,"95.852"
"2025","5632","168.359",,"168.359"
"2025","5633","168.359",,"168.359"
"2025","5650","111.552",,"111.552"
"2025","5651","111.552",,"111.552"
"2025","5652","111.552",,"111.552"
"2025","5653","111.552",,"111.552"
"2025","5655","105.447",,"105.447"
"2025","5656","111.552",,"111.552"
"2025","5657","173.141",,"173.141"
"2025","5658","165.09",,"165.09"
"2025","5659","111.552",,"111.552"
"2025","5660","111.552",,"111.552"
"2025","5661","51.539",,"51.539"
"2025","5662","55.117",,"55.117"
"2025","5664","55.117",,"55.117"
"2025","5665","119.682",,"119.682"
"2025","5666","123.914",,"123.914"
"2025","5667","123.954",,"123.954"
"2025","5668","124.041",,"124.041"
"2025","5669","124.354",,"124.354"
"2025","5671","123.768",,"123.768"
"2025","5672","118.997",,"118.997"
"2025","5673","96.335",,"96.335"
"2025","5674","119.335",,"119.335"
"2025","5675","71.335",,"71.335"
"2025","5676","43.817",,"43.817"
"2025","5677","71.335",,"71.335"
"2025","5678","96.335",,"96.335"
"2025","5679","119.335",,"119.335"
"2025","5687","47.985",,"47.985"
"2025","5688","98.152",,"98.152"
"2025","5689","98.566",,"98.566"
"2025","5690","101.83",,"101.83"
"2025","5691","102.244",,"102.244"
"2025","5692","98.426",,"98.426"
"2025","5693","98.84",,"98.84"
"2025","5695","49.299",,"49.299"
"2025","5701","44.872",,"44.872"
"2025","5702","49.299",,"49.299"
"2025","5703","38.112",,"38.112"
"2025","5704","92.43",,"92.43"
"2025","5705","47.985",,"47.985"
"2025","5706","44.853",,"44.853"
"2025","5709","112.922",,"112.922"
"2025","5710","112.508",,"112.508"
"2025","5711","95.029",,"95.029"
"2025","5714","107.497",,"107.497"
"2025","5718","92.233",,"92.233"
"2025","5719","45.11",,"45.11"
"2025","5720","45.11",,"45.11"
"2025","5721","45.11",,"45.11"
"2025","5722","51.636",,"51.636"
"2025","5725","66.539",,"66.539"
"2025","5726","40.238",,"40.238"
"2025","5728","38.21",,"38.21"
"2025","5729","67.691",,"67.691"
"2025","5730","70.547",,"70.547"
"2025","5731","67.691",,"67.691"
"2025","5732","68.105",,"68.105"
"2025","5733","37.796",,"37.796"
"2025","5734","40.652",,"40.652"
"2025","5735","70.133",,"70.133"
"2025","5737","64.097",,"64.097"
"2025","5738","40.238",,"40.238"
"2025","5739","70.133",,"70.133"
"2025","5740","43.832",,"43.832"
"2025","5741","40.652",,"40.652"
"2025","5742","40.652",,"40.652"
"2025","5743","40.788",,"40.788"
"2025","5744","44.246",,"44.246"
"2025","5745","38.21",,"38.21"
"2025","5746","40.238",,"40.238"
"2025","5747","40.238",,"40.238"
"2025","5748","40.652",,"40.652"
"2025","5749","64.511",,"64.511"
"2025","5751","70.547",,"70.547"
"2025","5752","43.832",,"43.832"
"2025","5753","64.511",,"64.511"
"2025","5754","44.246",,"44.246"
"2025","5755","40.238",,"40.238"
"2025","5757","49.39",,"49.39"
"2025","5758","68.105",,"68.105"
"2025","5759","49.804",,"49.804"
"2025","5761","43.832",,"43.832"
"2025","5762","52.984",,"52.984"
"2025","5763","65.917",,"65.917"
"2025","5765","49.804",,"49.804"
"2025","5766","53.398",,"53.398"
"2025","5767","53.398",,"53.398"
"2025","5768","51.522",,"51.522"
"2025","5769","79.699",,"79.699"
"2025","5773","70.547",,"70.547"
"2025","5774","52.984",,"52.984"
"2025","5776","70.133",,"70.133"
"2025","5777","79.285",,"79.285"
"2025","5779","69.511",,"69.511"
"2025","5780","69.097",,"69.097"
"2025","5781","125.706",,"125.706"
"2025","5782","125.292",,"125.292"
"2025","5783","115.547",,"115.547"
"2025","5784","115.133",,"115.133"
"2025","5785","115.547",,"115.547"
"2025","5786","115.133",,"115.133"
"2025","5787","111.539",,"111.539"
"2025","5788","115.547",,"115.547"
"2025","5790","128.347",,"128.347"
"2025","5791","65.503",,"65.503"
"2025","5792","111.953",,"111.953"
"2025","5793","115.547",,"115.547"
"2025","5794","113.105",,"113.105"
"2025","5795","109.511",,"109.511"
"2025","5796","115.547",,"115.547"
"2025","5797","111.953",,"111.953"
"2025","5798","115.133",,"115.133"
"2025","5799","112.691",,"112.691"
"2025","5800","115.133",,"115.133"
"2025","5801","115.547",,"115.547"
"2025","5802","115.133",,"115.133"
"2025","5803","37.796",,"37.796"
"2025","5805","111.539",,"111.539"
"2025","5806","109.097",,"109.097"
"2025","5807","111.539",,"111.539"
"2025","5808","79.285",,"79.285"
"2025","5809","131.941",,"131.941"
"2025","5811","115.133",,"115.133"
"2025","5812","112.691",,"112.691"
"2025","5813","79.699",,"79.699"
"2025","5814","76.105",,"76.105"
"2025","5815","40.238",,"40.238"
"2025","5816","40.652",,"40.652"
"2025","5817","75.691",,"75.691"
"2025","5818","111.665",,"111.665"
"2025","5819","35.342",,"35.342"
"2025","5820","55.583",,"55.583"
"2025","5821","43.77",,"43.77"
"2025","5822","44.806",,"44.806"
"2025","5823","107.27",,"107.27"
"2025","5825","91.628",,"91.628"
"2025","5826","103.282",,"103.282"
"2025","5827","99.918",,"99.918"
"2025","5828","103.319",,"103.319"
"2025","5829","103.319",,"103.319"
"2025","5830","99.988",,"99.988"
"2025","5831","99.988",,"99.988"
"2025","5832","69.579",,"69.579"
"2025","5833","69.579",,"69.579"
"2025","5835","94.615",,"94.615"
"2025","5839","102.086",,"102.086"
"2025","5840","49.39",,"49.39"
"2025","5841","101.672",,"101.672"
"2025","5848","73.013",,"73.013"
"2025","5856","47.107",,"47.107"
"2025","5857","33.92",,"33.92"
"2025","5858","31.892",,"31.892"
"2025","5859","34.334",,"34.334"
"2025","5862","55.717",,"55.717"
"2025","5863","51.29",,"51.29"
"2025","5864","110.184",,"110.184"
"2025","5865","110.184",,"110.184"
"2025","5866","114.413",,"114.413"
"2025","5868","129.284",,"129.284"
"2025","5869","129.284",,"129.284"
"2025","5870","129.284",,"129.284"
"2025","5871","114.413",,"114.413"
"2025","5872","129.284",,"129.284"
"2025","5873","128.968",,"128.968"
"2025","5874","171.657",,"171.657"
"2025","5877","176.084",,"176.084"
"2025","5878","148.331",,"148.331"
"2025","5882","86.66",,"86.66"
"2025","5887","86.66",,"86.66"
"2025","5890","124.261",,"124.261"
"2025","5891","102.556",,"102.556"
"2025","5892","115.133",,"115.133"
"2025","5893","465.98",,"465.98"
"2025","5896","39.655",,"39.655"
"2025","5897","43.249",,"43.249"
"2025","5898","33.342",,"33.342"
"2025","5899","34.748",,"34.748"
"2025","5900","34.748",,"34.748"
"2025","5902","33.342",,"33.342"
"2025","5903","33.342",,"33.342"
"2025","5904","35.784",,"35.784"
"2025","5905","42.88",,"42.88"
"2025","5906","49.193",,"49.193"
"2025","5908","34.748",,"34.748"
"2025","5909","34.748",,"34.748"
"2025","5910","34.748",,"34.748"
"2025","5911","39.655",,"39.655"
"2025","5912","43.249",,"43.249"
"2025","5913","33.342",,"33.342"
"2025","5914","33.342",,"33.342"
"2025","5915","33.342",,"33.342"
"2025","5916","35.784",,"35.784"
"2025","5917","42.88",,"42.88"
"2025","5918","60.676",,"60.676"
"2025","5919","49.193",,"49.193"
"2025","5920","50.81",,"50.81"
"2025","5924","47.864",,"47.864"
"2025","5925","54.177",,"54.177"
"2025","5929","47.864",,"47.864"
"2025","5930","49.27",,"49.27"
"2025","5934","114.05",,"114.05"
"2025","5936","57.771",,"57.771"
"2025","5940","46.149",,"46.149"
"2025","5941","49.743",,"49.743"
"2025","5947","47.864",,"47.864"
"2025","5948","47.864",,"47.864"
"2025","5949","47.864",,"47.864"
"2025","5950","47.864",,"47.864"
"2025","5959","45.349",,"45.349"
"2025","5960","45.763",,"45.763"
"2025","5962","45.349",,"45.349"
"2025","5963","47.791",,"47.791"
"2025","5964","45.763",,"45.763"
"2025","5965","48.205",,"48.205"
"2025","5966","37.445",,"37.445"
"2025","5970","98.789",,"98.789"
"2025","5971","98.375",,"98.375"
"2025","5972","138.416",,"138.416"
"2025","5973","138.416",,"138.416"
"2025","5976","95.763",,"95.763"
"2025","5977","95.349",,"95.349"
"2025","5978","95.763",,"95.763"
"2025","5979","95.763",,"95.763"
"2025","5980","66.347",,"66.347"
"2025","5981","105.444",,"105.444"
"2025","5982","117.155",,"117.155"
"2025","5983","116.741",,"116.741"
"2025","5984","81.729",,"81.729"
"2025","5987","38.503",,"38.503"
"2025","5988","98.503",,"98.503"
"2025","5989","109.606",,"109.606"
"2025","5991","106.902",,"106.902"
"2025","5992","99.228",,"99.228"
"2025","5993","68.191",,"68.191"
"2025","5995","88.001",,"88.001"
"2025","5996","87.587",,"87.587"
"2025","5997","88.001",,"88.001"
"2025","6000","43.817",,"43.817"
"2025","6001","86.66",,"86.66"
"2025","6002","86.66",,"86.66"
"2025","6005","72.909",,"72.909"
"2025","6006","71.467",,"71.467"
"2025","6007","83.909",,"83.909"
"2025","6008","79.909",,"79.909"
"2025","6009","72.909",,"72.909"
"2025","6010","80.909",,"80.909"
"2025","6011","78.467",,"78.467"
"2025","6012","83.909",,"83.909"
"2025","6013","81.467",,"81.467"
"2025","6014","71.467",,"71.467"
"2025","6015","90.909",,"90.909"
"2025","6017","93.364",,"93.364"
"2025","6018","91.063",,"91.063"
"2025","6019","84.063",,"84.063"
"2025","6020","84.063",,"84.063"
"2025","6021","38.001",,"38.001"
"2025","6022","160.806",,"160.806"
"2025","6023","101.435",,"101.435"
"2025","6024","101.435",,"101.435"
"2025","6026","47.38",,"47.38"
"2025","6027","36.658",,"36.658"
"2025","6028","71.459",,"71.459"
"2025","6029","71.459",,"71.459"
"2025","6030","99.586",,"99.586"
"2025","6031","99.586",,"99.586"
"2025","6034","126.441",,"126.441"
"2025","6037","51.114",,"51.114"
"2025","6038","51.528",,"51.528"
"2025","6039","49.086",,"49.086"
"2025","6040","60.691",,"60.691"
"2025","6041","49.27",,"49.27"
"2025","6042","49.27",,"49.27"
"2025","6043","49.27",,"49.27"
"2025","6044","49.27",,"49.27"
"2025","6045","54.017",,"54.017"
"2025","6046","56.459",,"56.459"
"2025","6048","73.013",,"73.013"
"2025","6049","69.419",,"69.419"
"2025","6053","44.086",,"44.086"
"2025","6054","48.513",,"48.513"
"2025","6055","48.513",,"48.513"
"2025","6059","96.541",,"96.541"
"2025","6060","96.541",,"96.541"
"2025","6061","96.541",,"96.541"
"2025","6062","96.541",,"96.541"
"2025","6063","92.114",,"92.114"
"2025","6064","96.541",,"96.541"
"2025","6065","92.114",,"92.114"
"2025","6066","96.541",,"96.541"
"2025","6067","46.857",,"46.857"
"2025","6068","56.105",,"56.105"
"2025","6069","60.532",,"60.532"
"2025","6070","60.532",,"60.532"
"2025","6071","85.532",,"85.532"
"2025","6072","85.532",,"85.532"
"2025","6073","81.105",,"81.105"
"2025","6074","85.532",,"85.532"
"2025","6075","85.532",,"85.532"
"2025","6076","110.532",,"110.532"
"2025","6077","106.105",,"106.105"
"2025","6078","60.532",,"60.532"
"2025","6079","42.43",,"42.43"
"2025","6081","127.079",,"127.079"
"2025","6083","151.55",,"151.55"
"2025","6087","123.94",,"123.94"
"2025","6088","51.636",,"51.636"
"2025","6089","111.665",,"111.665"
"2025","6090","171.657",,"171.657"
"2025","6092","92.114",,"92.114"
"2025","6093","92.114",,"92.114"
"2025","6094","159.052",,"159.052"
"2025","6095","138.416",,"138.416"
"2025","6098","290.465",,"290.465"
"2025","6099","290.465",,"290.465"
"2025","6100","290.051",,"290.051"
"2025","6101","290.051",,"290.051"
"2025","6102","92.235",,"92.235"
"2025","6103","86.284",,"86.284"
"2025","6104","86.284",,"86.284"
"2025","6105","86.751",,"86.751"
"2025","6106","86.751",,"86.751"
"2025","6108","63.548",,"63.548"
"2025","6109","97.503",,"97.503"
"2025","6110","63.232",,"63.232"
"2025","6111","63.232",,"63.232"
"2025","6112","63.232",,"63.232"
"2025","6113","98.089",,"98.089"
"2025","6115","40.506",,"40.506"
"2025","6118","47.794",,"47.794"
"2025","6119","86.214",,"86.214"
"2025","6120","142.564",,"142.564"
"2025","6121","137.259",,"137.259"
"2025","6129","42.114",,"42.114"
"2025","6130","96.541",,"96.541"
"2025","6132","42.43",,"42.43"
"2025","6133","107.125",,"107.125"
"2025","6134","111.552",,"111.552"
"2025","6139","111.529",,"111.529"
"2025","6140","110.529",,"110.529"
"2025","6142","55.401",,"55.401"
"2025","6143","116.851",,"116.851"
"2025","6147","92.43",,"92.43"
"2025","6153","111.964",,"111.964"
"2025","6154","163.647",,"163.647"
"2025","6155","96.857",,"96.857"
"2025","6156","92.43",,"92.43"
"2025","6158","163.331",,"163.331"
"2025","6159","92.114",,"92.114"
"2025","6160","100.974",,"100.974"
"2025","6161","96.541",,"96.541"
"2025","6162","96.857",,"96.857"
"2025","6163","96.857",,"96.857"
"2025","6164","96.541",,"96.541"
"2025","6165","92.43",,"92.43"
"2025","6167","48.677",,"48.677"
"2025","6168","128.508",,"128.508"
"2025","6169","132.935",,"132.935"
"2025","6170","132.935",,"132.935"
"2025","6171","128.508",,"128.508"
"2025","6172","132.935",,"132.935"
"2025","6173","132.935",,"132.935"
"2025","6174","124.243",,"124.243"
"2025","6175","128.67",,"128.67"
"2025","6176","128.67",,"128.67"
"2025","6177","124.484",,"124.484"
"2025","6178","128.911",,"128.911"
"2025","6179","128.911",,"128.911"
"2025","6180","56.718",,"56.718"
"2025","6181","106.409",,"106.409"
"2025","6182","101.105",,"101.105"
"2025","6183","40.65",,"40.65"
"2025","6184","117.853",,"117.853"
"2025","6185","117.537",,"117.537"
"2025","6186","116.885",,"116.885"
"2025","6187","116.885",,"116.885"
"2025","6190","134.54",,"134.54"
"2025","6191","92.158",,"92.158"
"2025","6192","100.298",,"100.298"
"2025","6193","114.505",,"114.505"
"2025","6194","92.616",,"92.616"
"2025","6195","103.389",,"103.389"
"2025","6196","107.816",,"107.816"
"2025","6197","81.043",,"81.043"
"2025","6198","81.043",,"81.043"
"2025","6199","40.885",,"40.885"
"2025","6201","52.386",,"52.386"
"2025","6202","44.086",,"44.086"
"2025","6203","44.086",,"44.086"
"2025","6204","119.268",,"119.268"
"2025","6205","122.05",,"122.05"
"2025","6206","61.992",,"61.992"
"2025","6207","61.992",,"61.992"
"2025","6208","58.763",,"58.763"
"2025","6209","58.763",,"58.763"
"2025","6210","159.773",,"159.773"
"2025","6211","136.32",,"136.32"
"2025","6212","48.683",,"48.683"
"2025","6213","49.097",,"49.097"
"2025","6214","58.728",,"58.728"
"2025","6215","159.052",,"159.052"
"2025","6216","107.276",,"107.276"
"2025","6217","39.418",,"39.418"
"2025","6218","58.728",,"58.728"
"2025","6219","125.281",,"125.281"
"2025","6220","129.459",,"129.459"
"2025","6221","86.579",,"86.579"
"2025","6222","86.579",,"86.579"
"2025","6223","125.032",,"125.032"
"2025","6224","76.784",,"76.784"
"2025","6225","76.784",,"76.784"
"2025","6226","76.784",,"76.784"
"2025","6227","38.064",,"38.064"
"2025","6228","109.511",,"109.511"
"2025","6229","123.627",,"123.627"
"2025","6230","92.43",,"92.43"
"2025","6231","96.857",,"96.857"
"2025","6232","83.299",,"83.299"
"2025","6233","96.541",,"96.541"
"2025","6234","96.541",,"96.541"
"2025","6235","92.43",,"92.43"
"2025","6236","146.541",,"146.541"
"2025","6237","146.541",,"146.541"
"2025","6238","50.81",,"50.81"
"2025","6239","136.32",,"136.32"
"2025","6241","98.789",,"98.789"
"2025","6242","96.347",,"96.347"
"2025","6245","99.789",,"99.789"
"2025","6246","97.327",,"97.327"
"2025","6247","96.913",,"96.913"
"2025","6248","96.933",,"96.933"
"2025","6249","97.347",,"97.347"
"2025","6250","99.375",,"99.375"
"2025","6251","95.933",,"95.933"
"2025","6252","98.375",,"98.375"
"2025","6253","58.699",,"58.699"
"2025","6254","69.439",,"69.439"
"2025","6255","69.439",,"69.439"
"2025","6256","119.182",,"119.182"
"2025","6257","122.776",,"122.776"
"2025","6258","86.214",,"86.214"
"2025","6259","62.102",,"62.102"
"2025","6260","174.945",,"174.945"
"2025","6261","42.114",,"42.114"
"2025","6262","92.082",,"92.082"
"2025","6263","110.529",,"110.529"
"2025","6264","101.105",,"101.105"
"2025","6265","40.65",,"40.65"
"2025","6266","83.299",,"83.299"
"2025","6267","69.419",,"69.419"
"2025","6269","61.102",,"61.102"
"2025","6270","65.529",,"65.529"
"2025","6271","65.529",,"65.529"
"2025","6273","62.418",,"62.418"
"2025","6274","62.418",,"62.418"
"2025","6275","66.845",,"66.845"
"2025","6277","60.532",,"60.532"
"2025","6279","56.105",,"56.105"
"2025","6281","60.532",,"60.532"
"2025","6282","56.105",,"56.105"
"2025","6283","116.098",,"116.098"
"2025","6284","120.004",,"120.004"
"2025","6285","96.964",,"96.964"
"2025","6287","119.393",,"119.393"
"2025","6288","115.151",,"115.151"
"2025","6289","164.842",,"164.842"
"2025","6290","39.723",,"39.723"
"2025","6291","86.579",,"86.579"
"2025","6292","86.579",,"86.579"
"2025","6293","108.503",,"108.503"
"2025","6294","38.503",,"38.503"
"2025","6295","38.503",,"38.503"
"2025","6296","38.503",,"38.503"
"2025","6297","38.503",,"38.503"
"2025","6298","38.503",,"38.503"
"2025","6299","38.503",,"38.503"
"2025","6300","38.503",,"38.503"
"2025","6301","155.218",,"155.218"
"2025","6304","158.812",,"158.812"
"2025","6305","109.894",,"109.894"
"2025","6307","60.216",,"60.216"
"2025","6311","96.541",,"96.541"
"2025","6313","31.605",,"31.605"
"2025","6314","28.853",,"28.853"
"2025","6315","31.191",,"31.191"
"2025","6316","28.439",,"28.439"
"2025","6317","41.616",,"41.616"
"2025","6318","42.03",,"42.03"
"2025","6319","107.276",,"107.276"
"2025","6320","66.845",,"66.845"
"2025","6321","66.845",,"66.845"
"2025","6322","187.045",,"187.045"
"2025","6323","114.05",,"114.05"
"2025","6324","46.159",,"46.159"
"2025","6325","113.078",,"113.078"
"2025","6326","113.078",,"113.078"
"2025","6327","113.078",,"113.078"
"2025","6328","76.784",,"76.784"
"2025","6329","76.784",,"76.784"
"2025","6330","78.601",,"78.601"
"2025","6331","110.201",,"110.201"
"2025","6332","64.857",,"64.857"
"2025","6333","42.364",,"42.364"
"2025","6334","110.201",,"110.201"
"2025","6335","60.532",,"60.532"
"2025","6336","56.105",,"56.105"
"2025","6337","49.579",,"49.579"
"2025","6338","76.784",,"76.784"
"2025","6339","114.796",,"114.796"
"2025","6340","115.21",,"115.21"
"2025","6341","49.586",,"49.586"
"2025","6342","36.295",,"36.295"
"2025","6343","118.804",,"118.804"
"2025","6344","118.39",,"118.39"
"2025","6346","110.496",,"110.496"
"2025","6348","78.601",,"78.601"
"2025","6349","48.205",,"48.205"
"2025","6350","47.791",,"47.791"
"2025","6351","100.734",,"100.734"
"2025","6353","64.579",,"64.579"
"2025","6354","48.086",,"48.086"
"2025","6355","43.426",,"43.426"
"2025","6356","53.511",,"53.511"
"2025","6357","64.579",,"64.579"
"2025","6358","125.279",,"125.279"
"2025","6359","125.279",,"125.279"
"2025","6360","60.225",,"60.225"
"2025","6361","80.893",,"80.893"
"2025","6362","73.893",,"73.893"
"2025","6363","73.893",,"73.893"
"2025","6364","129.837",,"129.837"
"2025","6365","61.992",,"61.992"
"2025","6366","68.992",,"68.992"
"2025","6367","136.31",,"136.31"
"2025","6368","57.783",,"57.783"
"2025","6369","57.783",,"57.783"
"2025","6370","80.893",,"80.893"
"2025","6371","129.809",,"129.809"
"2025","6372","45.53",,"45.53"
"2025","6373","110.251",,"110.251"
"2025","6374","103.251",,"103.251"
"2025","6375","103.251",,"103.251"
"2025","6376","129.809",,"129.809"
"2025","6377","122.809",,"122.809"
"2025","6379","63.232",,"63.232"
"2025","6380","63.232",,"63.232"
"2025","6381","95.736",,"95.736"
"2025","6382","100.163",,"100.163"
"2025","6383","82.62",,"82.62"
"2025","6384","49.586",,"49.586"
"2025","6385","49.586",,"49.586"
"2025","6386","49.586",,"49.586"
"2025","6387","62.418",,"62.418"
"2025","6388","62.418",,"62.418"
"2025","6389","61.102",,"61.102"
"2025","6390","160.806",,"160.806"
"2025","6391","92.235",,"92.235"
"2025","6392","103.282",,"103.282"
"2025","6393","110.496",,"110.496"
"2025","6394","114.05",,"114.05"
"2025","6395","112.314",,"112.314"
"2025","6396","86.364",,"86.364"
"2025","6398","61.992",,"61.992"
"2025","6400","111.964",,"111.964"
"2025","6401","92.43",,"92.43"
"2025","6402","44.469",,"44.469"
"2025","6405","105.659",,"105.659"
"2025","6406","38.53",,"38.53"
"2025","6407","109.287",,"109.287"
"2025","6408","101.75",,"101.75"
"2025","6409","128.051",,"128.051"
"2025","6410","131.994",,"131.994"
"2025","6411","127.015",,"127.015"
"2025","6412","128.051",,"128.051"
"2025","6413","135.588",,"135.588"
"2025","6414","109.701",,"109.701"
"2025","6415","136.002",,"136.002"
"2025","6417","135.588",,"135.588"
"2025","6418","60.225",,"60.225"
"2025","6419","127.015",,"127.015"
"2025","6420","123.54",,"123.54"
"2025","6421","82.902",,"82.902"
"2025","6422","60.676",,"60.676"
"2025","6423","51.636",,"51.636"
"2025","6424","60.225",,"60.225"
"2025","6425","45.225",,"45.225"
"2025","6426","38.225",,"38.225"
"2025","6427","38.225",,"38.225"
"2025","6428","42.783",,"42.783"
"2025","6429","102.822",,"102.822"
"2025","6431","111.846",,"111.846"
"2025","6432","111.846",,"111.846"
"2025","6433","58.699",,"58.699"
"2025","6434","69.275",,"69.275"
"2025","6435","110.925",,"110.925"
"2025","6436","114.519",,"114.519"
"2025","6437","114.519",,"114.519"
"2025","6438","112.349",,"112.349"
"2025","6439","68.587",,"68.587"
"2025","6440","74.802",,"74.802"
"2025","6441","68.709",,"68.709"
"2025","6442","72.303",,"72.303"
"2025","6443","72.303",,"72.303"
"2025","6444","64.792",,"64.792"
"2025","6445","86.38",,"86.38"
"2025","6446","43.219",,"43.219"
"2025","6447","50.81",,"50.81"
"2025","6448","38.503",,"38.503"
"2025","6449","38.503",,"38.503"
"2025","6450","38.503",,"38.503"
"2025","6451","38.503",,"38.503"
"2025","6452","38.503",,"38.503"
"2025","6453","37.796",,"37.796"
"2025","6454","106.043",,"106.043"
"2025","6455","106.043",,"106.043"
"2025","6456","148.75",,"148.75"
"2025","6457","58.699",,"58.699"
"2025","6458","103.307",,"103.307"
"2025","6459","58.699",,"58.699"
"2025","6460","58.699",,"58.699"
"2025","6461","101.662",,"101.662"
"2025","6462","58.699",,"58.699"
"2025","6463","58.699",,"58.699"
"2025","6464","58.699",,"58.699"
"2025","6465","68.09",,"68.09"
"2025","6466","71.684",,"71.684"
"2025","6467","71.684",,"71.684"
"2025","6468","78.601",,"78.601"
"2025","6469","78.601",,"78.601"
"2025","6470","78.601",,"78.601"
"2025","6471","78.601",,"78.601"
"2025","6472","103.705",,"103.705"
"2025","6473","108.132",,"108.132"
"2025","6474","49.097",,"49.097"
"2025","6475","58.699",,"58.699"
"2025","6476","97.036",,"97.036"
"2025","6477","97.036",,"97.036"
"2025","6478","92.609",,"92.609"
"2025","6479","43.176",,"43.176"
"2025","6480","50.6",,"50.6"
"2025","6481","80.043",,"80.043"
"2025","6482","84.47",,"84.47"
"2025","6483","115.547",,"115.547"
"2025","6484","117.038",,"117.038"
"2025","6485","116.624",,"116.624"
"2025","6486","159.773",,"159.773"
"2025","6487","111.953",,"111.953"
"2025","6488","60.006",,"60.006"
"2025","6489","160.712",,"160.712"
"2025","6490","100.712",,"100.712"
"2025","6491","100.858",,"100.858"
"2025","6492","100.286",,"100.286"
"2025","6493","100.402",,"100.402"
"2025","6494","100.734",,"100.734"
"2025","6495","111.846",,"111.846"
"2025","6496","58.699",,"58.699"
"2025","6497","58.699",,"58.699"
"2025","6498","93.683",,"93.683"
"2025","6499","74.474",,"74.474"
"2025","6500","89.586",,"89.586"
"2025","6501","89.691",,"89.691"
"2025","6502","119.049",,"119.049"
"2025","6503","119.049",,"119.049"
"2025","6504","89.586",,"89.586"
"2025","6505","89.586",,"89.586"
"2025","6506","60.53",,"60.53"
"2025","6507","60.53",,"60.53"
"2025","6508","45.225",,"45.225"
"2025","6509","49.586",,"49.586"
"2025","6510","207.508",,"207.508"
"2025","6511","69.64",,"69.64"
"2025","6512","133.092",,"133.092"
"2025","6513","56.304",,"56.304"
"2025","6514","106.902",,"106.902"
"2025","6515","108.72",,"108.72"
"2025","6516","92.609",,"92.609"
"2025","6517","95.852",,"95.852"
"2025","6518","35.35",,"35.35"
"2025","6519","86.38",,"86.38"
"2025","6520","86.38",,"86.38"
"2025","6521","89.586",,"89.586"
"2025","6522","86.38",,"86.38"
"2025","6523","68.386",,"68.386"
"2025","6524","110.088",,"110.088"
"2025","6525","102.822",,"102.822"
"2025","6526","100.298",,"100.298"
"2025","6527","92.237",,"92.237"
"2025","6528","47.107",,"47.107"
"2025","6529","112.664",,"112.664"
"2025","6530","92.48",,"92.48"
"2025","6531","105.216",,"105.216"
"2025","6532","48.399",,"48.399"
"2025","6533","97.204",,"97.204"
"2025","6534","85.174",,"85.174"
"2025","6535","96.857",,"96.857"
"2025","6536","71.785",,"71.785"
"2025","6537","112.698",,"112.698"
"2025","6538","68.09",,"68.09"
"2025","6539","68.09",,"68.09"
"2025","6540","44.992",,"44.992"
"2025","6541","136.32",,"136.32"
"2025","6542","110.496",,"110.496"
"2025","6543","62.293",,"62.293"
"2025","6544","73.033",,"73.033"
"2025","6545","73.033",,"73.033"
"2025","6546","152.411",,"152.411"
"2025","6547","151.997",,"151.997"
"2025","6548","117.78",,"117.78"
"2025","6549","148.593",,"148.593"
"2025","6550","42.114",,"42.114"
"2025","6551","117.78",,"117.78"
"2025","6552","124.78",,"124.78"
"2025","6553","111.552",,"111.552"
"2025","6554","104.269",,"104.269"
"2025","6555","108.696",,"108.696"
"2025","6556","108.696",,"108.696"
"2025","6557","44.086",,"44.086"
"2025","6558","44.086",,"44.086"
"2025","6559","48.513",,"48.513"
"2025","6560","48.513",,"48.513"
"2025","6561","96.001",,"96.001"
"2025","6562","60.225",,"60.225"
"2025","6563","124.764",,"124.764"
"2025","6564","124.764",,"124.764"
"2025","6565","124.764",,"124.764"
"2025","6566","124.764",,"124.764"
"2025","6567","124.763",,"124.763"
"2025","6568","65.69",,"65.69"
"2025","6569","65.69",,"65.69"
"2025","6570","117.502",,"117.502"
"2025","6571","119.708",,"119.708"
"2025","6572","105.632",,"105.632"
"2025","6573","105.632",,"105.632"
"2025","6574","91.644",,"91.644"
"2025","6575","47.311",,"47.311"
"2025","6576","75.748",,"75.748"
"2025","6577","78.877",,"78.877"
"2025","6578","78.877",,"78.877"
"2025","6579","78.561",,"78.561"
"2025","6580","89.319",,"89.319"
"2025","6581","78.575",,"78.575"
"2025","6582","75.235",,"75.235"
"2025","6583","75.216",,"75.216"
"2025","6584","131.217",,"131.217"
"2025","6585","130.895",,"130.895"
"2025","6586","116.098",,"116.098"
"2025","6587","124.882",,"124.882"
"2025","6588","123.957",,"123.957"
"2025","6589","115.173",,"115.173"
"2025","6590","114.759",,"114.759"
"2025","6591","116.093",,"116.093"
"2025","6592","124.877",,"124.877"
"2025","6593","125.199",,"125.199"
"2025","6594","151.881",,"151.881"
"2025","6595","91.881",,"91.881"
"2025","6596","91.881",,"91.881"
"2025","6597","86.756",,"86.756"
"2025","6598","87.734",,"87.734"
"2025","6599","81.768",,"81.768"
"2025","6600","95.65",,"95.65"
"2025","6601","94.747",,"94.747"
"2025","6602","80.865",,"80.865"
"2025","6603","46.857",,"46.857"
"2025","6604","46.857",,"46.857"
"2025","6605","75.65",,"75.65"
"2025","6606","55.583",,"55.583"
"2025","6607","55.583",,"55.583"
"2025","6608","55.583",,"55.583"
"2025","6609","55.583",,"55.583"
"2025","6610","55.583",,"55.583"
"2025","6611","55.583",,"55.583"
"2025","6612","55.583",,"55.583"
"2025","6613","55.583",,"55.583"
"2025","6614","55.583",,"55.583"
"2025","6615","55.583",,"55.583"
"2025","6616","143.093",,"143.093"
"2025","6617","143.093",,"143.093"
"2025","6618","97.587",,"97.587"
"2025","6619","47.38",,"47.38"
"2025","6620","47.38",,"47.38"
"2025","6621","47.38",,"47.38"
"2025","6622","47.38",,"47.38"
"2025","6623","47.794",,"47.794"
"2025","6624","90.393",,"90.393"
"2025","6625","54.27",,"54.27"
"2025","6626","88.503",,"88.503"
"2025","6627","155.62",,"155.62"
"2025","6628","47.107",,"47.107"
"2025","6629","125.446",,"125.446"
"2025","6630","129.873",,"129.873"
"2025","6631","123.56",,"123.56"
"2025","6632","123.56",,"123.56"
"2025","6633","123.56",,"123.56"
"2025","6634","72.869",,"72.869"
"2025","6635","72.869",,"72.869"
"2025","6636","58.699",,"58.699"
"2025","6637","69.419",,"69.419"
"2025","6638","87.68",,"87.68"
"2025","6639","44.086",,"44.086"
"2025","6640","48.513",,"48.513"
"2025","6641","48.513",,"48.513"
"2025","6642","81.043",,"81.043"
"2025","6643","81.043",,"81.043"
"2025","6644","81.043",,"81.043"
"2025","6645","161.683",,"161.683"
"2025","6646","45.763",,"45.763"
"2025","6647","62.293",,"62.293"
"2025","6648","106.901",,"106.901"
"2025","6649","62.293",,"62.293"
"2025","6650","62.293",,"62.293"
"2025","6651","105.256",,"105.256"
"2025","6652","62.293",,"62.293"
"2025","6653","62.293",,"62.293"
"2025","6654","62.293",,"62.293"
"2025","6655","72.181",,"72.181"
"2025","6656","78.396",,"78.396"
"2025","6657","115.44",,"115.44"
"2025","6658","54.586",,"54.586"
"2025","6659","124.763",,"124.763"
"2025","6660","54.884",,"54.884"
"2025","6661","97.347",,"97.347"
"2025","6662","99.375",,"99.375"
"2025","6663","64.511",,"64.511"
"2025","6664","64.097",,"64.097"
"2025","6665","136.32",,"136.32"
"2025","6666","34.247",,"34.247"
"2025","6667","108.696",,"108.696"
"2025","6668","104.269",,"104.269"
"2025","6669","108.696",,"108.696"
"2025","6670","173.141",,"173.141"
"2025","6671","165.09",,"165.09"
"2025","6672","111.552",,"111.552"
"2025","6673","111.552",,"111.552"
"2025","6674","111.552",,"111.552"
"2025","6675","111.552",,"111.552"
"2025","6676","111.552",,"111.552"
"2025","6677","111.552",,"111.552"
"2025","6678","107.125",,"107.125"
"2025","6679","119.049",,"119.049"
"2025","6680","119.049",,"119.049"
"2025","6681","89.586",,"89.586"
"2025","6682","89.586",,"89.586"
"2025","6683","89.586",,"89.586"
"2025","6684","107.527",,"107.527"
"2025","6685","97.624",,"97.624"
"2025","6686","97.624",,"97.624"
"2025","6687","102.051",,"102.051"
"2025","6688","102.051",,"102.051"
"2025","6689","102.051",,"102.051"
"2025","6690","97.624",,"97.624"
"2025","6691","38.001",,"38.001"
"2025","6692","87.27",,"87.27"
"2025","6693","86.738",,"86.738"
"2025","6694","90.097",,"90.097"
"2025","6695","130.91",,"130.91"
"2025","6696","90.399",,"90.399"
"2025","6697","90.399",,"90.399"
"2025","6698","86.757",,"86.757"
"2025","6699","108.941",,"108.941"
"2025","6700","108.941",,"108.941"
"2025","6701","108.527",,"108.527"
"2025","6702","165.763",,"165.763"
"2025","6703","105.763",,"105.763"
"2025","6704","105.763",,"105.763"
"2025","6705","100.638",,"100.638"
"2025","6706","101.616",,"101.616"
"2025","6707","86.794",,"86.794"
"2025","6709","45.541",,"45.541"
"2025","6710","112.664",,"112.664"
"2025","6711","100.444",,"100.444"
"2025","6712","107.083",,"107.083"
"2025","6713","123.5",,"123.5"
"2025","6714","124.675",,"124.675"
"2025","6715","124.675",,"124.675"
"2025","6716","51.168",,"51.168"
"2025","6717","43.77",,"43.77"
"2025","6718","43.77",,"43.77"
"2025","6719","60.216",,"60.216"
"2025","6720","50.078",,"50.078"
"2025","6721","56.105",,"56.105"
"2025","6722","31.056",,"31.056"
"2025","6723","48.743",,"48.743"
"2025","6724","43.77",,"43.77"
"2025","6725","54.993",,"54.993"
"2025","6726","54.993",,"54.993"
"2025","6727","108.531",,"108.531"
"2025","6728","48.513",,"48.513"
"2025","6729","108.531",,"108.531"
"2025","6730","55.789",,"55.789"
"2025","6731","71.335",,"71.335"
"2025","6732","44.872",,"44.872"
"2025","6733","34.748",,"34.748"
"2025","6734","90.909",,"90.909"
"2025","6735","69.419",,"69.419"
"2025","6736","44.086",,"44.086"
"2025","6737","56.105",,"56.105"
"2025","6738","81.105",,"81.105"
"2025","6739","63.232",,"63.232"
"2025","6740","40.506",,"40.506"
"2025","6741","107.125",,"107.125"
"2025","6742","128.508",,"128.508"
"2025","6743","124.243",,"124.243"
"2025","6744","124.484",,"124.484"
"2025","6745","60.225",,"60.225"
"2025","6746","129.837",,"129.837"
"2025","6747","61.992",,"61.992"
"2025","6748","68.992",,"68.992"
"2025","6749","100.163",,"100.163"
"2025","6750","64.792",,"64.792"
"2025","6751","68.09",,"68.09"
"2025","6752","105.216",,"105.216"
"2025","6753","155.62",,"155.62"
"2025","6754","89.586",,"89.586"
"2025","6755","68.709",,"68.709"
"2025","6757","50.6",,"50.6"
"2025","6758","72.869",,"72.869"
"2025","6759","103.203",,"103.203"
"2025","6760","103.203",,"103.203"
"2025","6761","62.293",,"62.293"
"2025","6762","73.033",,"73.033"
"2025","6763","73.033",,"73.033"
"2025","6764","122.776",,"122.776"
"2025","6765","69.439",,"69.439"
"2025","6766","119.182",,"119.182"
"2025","6767","111.465",,"111.465"
"2025","6768","111.782",,"111.782"
"2025","6769","97.711",,"97.711"
"2025","6770","193.546",,"193.546"
"2025","6771","193.546",,"193.546"
"2025","6772","49.27",,"49.27"
"2025","6773","110.902",,"110.902"
"2025","6774","110.902",,"110.902"
"2025","6775","156.62",,"156.62"
"2025","6776","82.62",,"82.62"
"2025","6777","82.62",,"82.62"
"2025","6778","82.62",,"82.62"
"2025","6779","82.62",,"82.62"
"2025","6780","117.853",,"117.853"
"2025","6781","116.292",,"116.292"
"2025","6782","71.684",,"71.684"
"2025","6783","71.684",,"71.684"
"2025","6784","68.386",,"68.386"
"2025","6785","115.547",,"115.547"
"2025","6786","62.293",,"62.293"
"2025","6787","73.013",,"73.013"
"2025","6788","115.943",,"115.943"
"2025","6789","62.293",,"62.293"
"2025","6790","59.177",,"59.177"
"2025","6791","59.177",,"59.177"
"2025","6792","59.177",,"59.177"
"2025","6793","59.177",,"59.177"
"2025","6794","59.177",,"59.177"
"2025","6795","59.177",,"59.177"
"2025","6796","59.177",,"59.177"
"2025","6797","59.177",,"59.177"
"2025","6798","59.177",,"59.177"
"2025","6799","59.177",,"59.177"
"2025","6800","106.808",,"106.808"
"2025","6801","106.808",,"106.808"
"2025","6802","171.252",,"171.252"
"2025","6803","106.808",,"106.808"
"2025","6804","106.808",,"106.808"
"2025","6805","106.808",,"106.808"
"2025","6806","106.808",,"106.808"
"2025","6807","108.214",,"108.214"
"2025","6808","38.064",,"38.064"
"2025","6809","38.064",,"38.064"
"2025","6810","38.064",,"38.064"
"2025","6811","51.539",,"51.539"
"2025","6812","48.743",,"48.743"
"2025","6813","58.699",,"58.699"
"2025","6814","42.364",,"42.364"
"2025","6815","42.364",,"42.364"
"2025","6816","42.364",,"42.364"
"2025","6817","96.398",,"96.398"
"2025","6818","95.727",,"95.727"
"2025","6819","53.17",,"53.17"
"2025","6820","53.17",,"53.17"
"2025","6821","171.075",,"171.075"
"2025","6822","175.502",,"175.502"
"2025","6823","148.105",,"148.105"
"2025","6824","152.532",,"152.532"
"2025","6825","152.532",,"152.532"
"2025","6826","35.003",,"35.003"
"2025","6827","39.934",,"39.934"
"2025","6828","45.11",,"45.11"
"2025","6829","59.326",,"59.326"
"2025","6830","145.763",,"145.763"
"2025","6831","390.939",,"390.939"
"2025","6832","49.586",,"49.586"
"2025","6833","49.586",,"49.586"
"2025","6834","49.586",,"49.586"
"2025","6835","46.27",,"46.27"
"2025","6836","46.27",,"46.27"
"2025","6837","114.519",,"114.519"
"2025","6838","72.869",,"72.869"
"2025","6839","115.943",,"115.943"
"2025","6840","58.699",,"58.699"
"2025","6841","115.44",,"115.44"
"2025","6842","95.313",,"95.313"
"2025","6843","115.44",,"115.44"
"2025","6844","95.736",,"95.736"
"2025","6845","105.03",,"105.03"
"2025","6846","99.988",,"99.988"
"2025","6847","46.435",,"46.435"
"2025","6848","46.435",,"46.435"
"2025","6849","46.435",,"46.435"
"2025","6850","46.435",,"46.435"
"2025","6851","49.586",,"49.586"
"2025","6852","48.683",,"48.683"
"2025","6853","142.679",,"142.679"
"2025","6854","116.292",,"116.292"
"2025","6855","71.785",,"71.785"
"2025","6856","89.703",,"89.703"
"2025","6857","41.595",,"41.595"
"2025","6858","121.075",,"121.075"
"2025","6859","125.502",,"125.502"
"2025","6860","98.105",,"98.105"
"2025","6861","102.532",,"102.532"
"2025","6862","102.532",,"102.532"
"2025","6863","107.124",,"107.124"
"2025","6864","107.124",,"107.124"
"2025","6865","171.568",,"171.568"
"2025","6866","107.124",,"107.124"
"2025","6867","107.124",,"107.124"
"2025","6868","107.124",,"107.124"
"2025","6869","108.53",,"108.53"
"2025","6870","44.825",,"44.825"
"2025","6871","44.825",,"44.825"
"2025","6872","111.551",,"111.551"
"2025","6873","111.551",,"111.551"
"2025","6874","175.995",,"175.995"
"2025","6875","111.551",,"111.551"
"2025","6876","111.551",,"111.551"
"2025","6877","111.551",,"111.551"
"2025","6878","112.957",,"112.957"
"2025","6879","55.717",,"55.717"
"2025","6880","74.992",,"74.992"
"2025","6881","48.796",,"48.796"
"2025","6882","48.796",,"48.796"
"2025","6883","49.579",,"49.579"
"2025","6884","49.579",,"49.579"
"2025","6885","99.918",,"99.918"
"2025","6886","103.319",,"103.319"
"2025","6887","99.988",,"99.988"
"2025","6888","69.579",,"69.579"
"2025","6889","48.796",,"48.796"
"2025","6890","48.796",,"48.796"
"2025","6891","111.73",,"111.73"
"2025","6892","56.105",,"56.105"
"2025","6893","56.105",,"56.105"
"2025","6894","31.881",,"31.881"
"2025","6895","34.323",,"34.323"
"2025","6896","72.293",,"72.293"
"2025","6897","72.293",,"72.293"
"2025","6898","72.293",,"72.293"
"2025","6899","72.293",,"72.293"
"2025","6900","68.699",,"68.699"
"2025","6901","49.579",,"49.579"
"2025","6902","48.579",,"48.579"
"2025","6903","49.579",,"49.579"
"2025","6904","49.579",,"49.579"
"2025","6905","48.579",,"48.579"
"2025","6906","49.579",,"49.579"
"2025","6907","98.524",,"98.524"
"2025","6908","163.075",,"163.075"
"2025","6909","163.075",,"163.075"
"2025","6910","152.532",,"152.532"
"2025","6911","163.075",,"163.075"
"2025","6912","140.105",,"140.105"
"2025","6913","140.105",,"140.105"
"2025","6914","140.105",,"140.105"
"2025","6915","174.988",,"174.988"
"2025","6916","56.586",,"56.586"
"2025","6917","97.038",,"97.038"
"2025","6918","97.038",,"97.038"
"2025","6919","97.038",,"97.038"
"2025","6920","97.038",,"97.038"
"2025","6921","97.038",,"97.038"
"2025","6922","97.038",,"97.038"
"2025","6923","72.038",,"72.038"
"2025","6924","97.038",,"97.038"
"2025","6925","42.114",,"42.114"
"2025","6926","46.541",,"46.541"
"2025","6927","33.909",,"33.909"
"2025","6928","111.73",,"111.73"
"2025","6929","48.579",,"48.579"
"2025","6930","167.502",,"167.502"
"2025","6931","144.532",,"144.532"
"2025","6932","144.532",,"144.532"
"2025","6933","144.532",,"144.532"
"2025","6934","144.532",,"144.532"
"2025","6935","144.532",,"144.532"
"2025","6936","144.532",,"144.532"
"2025","6937","167.502",,"167.502"
"2025","6938","91.23",,"91.23"
"2025","6939","114.519",,"114.519"
"2025","6940","42.68",,"42.68"
"2025","6941","42.68",,"42.68"
"2025","6942","42.68",,"42.68"
"2025","6943","93.683",,"93.683"
"2025","6944","93.269",,"93.269"
"2025","6945","93.683",,"93.683"
"2025","6946","112.664",,"112.664"
"2025","6947","105.806",,"105.806"
"2025","6948","68.873",,"68.873"
"2025","6949","68.873",,"68.873"
"2025","6950","89.195",,"89.195"
"2025","6951","89.195",,"89.195"
"2025","6952","148.105",,"148.105"
"2025","6953","148.105",,"148.105"
"2025","6954","152.532",,"152.532"
"2025","6955","148.105",,"148.105"
"2025","6956","152.532",,"152.532"
"2025","6957","112.957",,"112.957"
"2025","6958","44.853",,"44.853"
"2025","6959","44.439",,"44.439"
"2025","6960","44.853",,"44.853"
"2025","6961","43.853",,"43.853"
"2025","6962","68.873",,"68.873"
"2025","6963","163.075",,"163.075"
"2025","6964","167.502",,"167.502"
"2025","6965","167.502",,"167.502"
"2025","6966","163.075",,"163.075"
"2025","6967","167.502",,"167.502"
"2025","6968","167.502",,"167.502"
"2025","6969","163.075",,"163.075"
"2025","6970","167.502",,"167.502"
"2025","6971","167.502",,"167.502"
"2025","6972","121.075",,"121.075"
"2025","6973","125.502",,"125.502"
"2025","6974","125.502",,"125.502"
"2025","6975","127.543",,"127.543"
"2025","6976","60.225",,"60.225"
"2025","6977","127.543",,"127.543"
"2025","6978","125.251",,"125.251"
"2025","6979","76.335",,"76.335"
"2025","6980","60.225",,"60.225"
"2025","6981","122.809",,"122.809"
"2025","6982","57.783",,"57.783"
"2025","6983","57.783",,"57.783"
"2025","6984","60.225",,"60.225"
"2025","6985","125.279",,"125.279"
"2025","6986","125.251",,"125.251"
"2025","6987","76.335",,"76.335"
"2025","6988","45.745",,"45.745"
"2025","6989","60.225",,"60.225"
"2025","6990","60.225",,"60.225"
"2025","6991","60.225",,"60.225"
"2025","6992","129.31",,"129.31"
"2025","6993","46.159",,"46.159"
"2025","6994","49.895",,"49.895"
"2025","6995","288.506",,"288.506"
"2025","6996","99.579",,"99.579"
"2025","6997","98.855",,"98.855"
"2025","6998","137.259",,"137.259"
"2025","6999","116.098",,"116.098"
"2025","7110","1.",,"1."
"2025","7111","1.",,"1."
"2025","7112","1.",,"1."
"2025","7115","1.",,"1."
"2025","7116","1.",,"1."
"2025","7117","1.",,"1."
"2025","9999","18024.066",,"18024.066"
"2025","PPDECPEN","0.",,"0."
"2025","TD1000","0.",,"0."
